studentId,firstNAME,lastName,section,courseId,feeInfo,phone,email
1,Mildrid,Cockley,mcockley0@tumblr.com,1,$7525.35,250-449-0841,mcockley0@yelp.com
2,Stillman,Parke,sparke1@oakley.com,2,$7105.60,678-501-1585,sparke1@washington.edu
3,Sarette,McLurg,smclurg2@noaa.gov,3,$7783.97,358-345-0197,smclurg2@japanpost.jp
4,Erda,Seger,eseger3@nationalgeographic.com,4,$5053.10,220-624-5110,eseger3@rediff.com
5,Nikki,Wyard,nwyard4@huffingtonpost.com,5,$5183.73,171-126-1665,nwyard4@diigo.com
6,Maddi,Neeson,mneeson5@behance.net,6,$4735.66,641-343-7531,mneeson5@marketwatch.com
7,Karoline,O'Reilly,koreilly6@skyrock.com,7,$4095.71,179-160-5177,koreilly6@jugem.jp
8,Brynna,Borles,bborles7@foxnews.com,8,$9451.93,305-421-4756,bborles7@drupal.org
9,Maybelle,Kulicke,mkulicke8@hugedomains.com,9,$5648.98,538-546-4348,mkulicke8@hibu.com
10,Nevile,Mouland,nmouland9@ask.com,10,$7760.82,368-632-0568,nmouland9@wired.com
11,Lexine,Farlambe,lfarlambea@unicef.org,11,$3803.38,750-265-2909,lfarlambea@people.com.cn
12,Bendicty,Hugle,bhugleb@sciencedirect.com,12,$3259.85,507-299-4760,bhugleb@marriott.com
13,Tripp,Arney,tarneyc@paypal.com,13,$8086.04,217-199-0668,tarneyc@amazonaws.com
14,Norby,Mapholm,nmapholmd@printfriendly.com,14,$9905.31,569-652-5094,nmapholmd@ebay.com
15,Dennet,Moiser,dmoisere@google.co.uk,15,$3475.45,959-491-8561,dmoisere@delicious.com
16,Electra,Joblin,ejoblinf@4shared.com,16,$4992.30,423-752-5985,ejoblinf@spiegel.de
17,Dinny,Snartt,dsnarttg@about.me,17,$10239.39,157-933-2720,dsnarttg@accuweather.com
18,Jada,Mumford,jmumfordh@google.it,18,$3840.82,394-126-1065,jmumfordh@mysql.com
19,Joane,Heath,jheathi@pen.io,19,$4316.73,604-780-9826,jheathi@webnode.com
20,Paul,Keyme,pkeymej@youku.com,20,$10300.46,574-448-5497,pkeymej@sina.com.cn
21,Massimiliano,Ridd,mriddk@discovery.com,21,$4976.70,193-402-1105,mriddk@oakley.com
22,Hendrick,Scramage,hscramagel@oaic.gov.au,22,$3067.22,769-199-4463,hscramagel@who.int
23,Ravi,Pidgeley,rpidgeleym@xinhuanet.com,23,$9453.86,388-178-3847,rpidgeleym@ebay.com
24,Cristian,Stredwick,cstredwickn@utexas.edu,24,$10062.63,807-427-8111,cstredwickn@blogs.com
25,Cobb,Corter,ccortero@friendfeed.com,25,$8268.36,961-177-7788,ccortero@accuweather.com
26,Estele,Stevens,estevensp@mozilla.com,26,$6836.51,733-408-6734,estevensp@goodreads.com
27,Sheryl,Aprahamian,saprahamianq@woothemes.com,27,$8179.91,322-591-0259,saprahamianq@vinaora.com
28,Emylee,Zanelli,ezanellir@nih.gov,28,$4475.88,527-597-9587,ezanellir@nydailynews.com
29,Kitti,Flintoffe,kflintoffes@barnesandnoble.com,29,$8273.60,834-550-2040,kflintoffes@sourceforge.net
30,Loretta,Skeels,lskeelst@clickbank.net,30,$3367.91,433-161-7991,lskeelst@opensource.org
31,Angel,MacVagh,amacvaghu@bloglovin.com,31,$10528.59,450-182-3993,amacvaghu@tripod.com
32,Mayer,Oldacre,moldacrev@webnode.com,32,$6437.88,223-915-6620,moldacrev@lulu.com
33,Yolande,Wardrope,ywardropew@disqus.com,33,$7567.09,221-771-6926,ywardropew@is.gd
34,Harris,Antonik,hantonikx@netvibes.com,34,$8038.15,181-724-1370,hantonikx@wikispaces.com
35,Hi,Dumphy,hdumphyy@umich.edu,35,$10330.87,777-927-2855,hdumphyy@amazon.de
36,Emanuel,Fancourt,efancourtz@quantcast.com,36,$5751.90,513-337-1957,efancourtz@typepad.com
37,Hervey,Tarbert,htarbert10@wikimedia.org,37,$3211.69,644-405-5477,htarbert10@irs.gov
38,Chrissy,Ebbens,cebbens11@senate.gov,38,$5461.47,623-234-5005,cebbens11@geocities.jp
39,Ester,des Remedios,edesremedios12@washington.edu,39,$7258.36,427-354-4525,edesremedios12@businesswire.com
40,Aviva,Tearle,atearle13@gmpg.org,40,$3583.91,693-938-8991,atearle13@mozilla.com
41,Obidiah,Sandey,osandey14@ustream.tv,41,$3498.48,115-772-2787,osandey14@joomla.org
42,Gabriello,Curner,gcurner15@wiley.com,42,$8750.58,148-116-7970,gcurner15@acquirethisname.com
43,Karlan,Doby,kdoby16@google.cn,43,$5976.08,271-306-2876,kdoby16@fema.gov
44,Norbert,Stagge,nstagge17@squarespace.com,44,$9847.79,105-802-5738,nstagge17@altervista.org
45,Rhea,Rispen,rrispen18@topsy.com,45,$9171.62,532-253-0137,rrispen18@kickstarter.com
46,Samaria,Eagle,seagle19@clickbank.net,46,$3759.07,632-401-4694,seagle19@ucoz.com
47,Gwyn,Jiricka,gjiricka1a@cyberchimps.com,47,$7448.19,536-327-3000,gjiricka1a@geocities.com
48,Lukas,Antley,lantley1b@ycombinator.com,48,$3114.89,661-972-7960,lantley1b@nymag.com
49,Marie-jeanne,Atherton,matherton1c@answers.com,49,$5581.90,930-949-2217,matherton1c@bizjournals.com
50,Kalila,Grzegorzewski,kgrzegorzewski1d@cam.ac.uk,50,$9165.37,668-574-9058,kgrzegorzewski1d@woothemes.com
51,Eve,Yetts,eyetts1e@1688.com,51,$6635.96,193-676-8786,eyetts1e@ftc.gov
52,Nikolai,Pinson,npinson1f@toplist.cz,52,$8179.04,850-618-4848,npinson1f@phpbb.com
53,Debor,Ker,dker1g@wufoo.com,53,$3124.23,569-336-4721,dker1g@mysql.com
54,Adaline,Mulqueeny,amulqueeny1h@unicef.org,54,$3534.81,235-169-4004,amulqueeny1h@slate.com
55,Jonathan,Dunston,jdunston1i@wikispaces.com,55,$7039.60,502-457-0901,jdunston1i@boston.com
56,Ellie,Maddaford,emaddaford1j@mail.ru,56,$4885.89,575-753-6007,emaddaford1j@blogger.com
57,Nerty,Gawthrop,ngawthrop1k@elpais.com,57,$4095.97,860-871-2990,ngawthrop1k@devhub.com
58,Ramsay,Dobell,rdobell1l@exblog.jp,58,$10399.78,310-751-8420,rdobell1l@whitehouse.gov
59,Jocko,Caldwall,jcaldwall1m@ed.gov,59,$5475.70,307-433-5263,jcaldwall1m@ebay.co.uk
60,Jonathon,Hazeltine,jhazeltine1n@amazon.co.jp,60,$3221.62,453-205-5405,jhazeltine1n@scribd.com
61,Zolly,Buckell,zbuckell1o@intel.com,61,$7474.89,467-854-0637,zbuckell1o@qq.com
62,Carlin,Aked,caked1p@free.fr,62,$6835.02,245-978-9552,caked1p@fema.gov
63,Romonda,Rickard,rrickard1q@printfriendly.com,63,$3012.86,402-402-2411,rrickard1q@chronoengine.com
64,Jenine,Barkworth,jbarkworth1r@unblog.fr,64,$9719.94,696-579-0584,jbarkworth1r@blog.com
65,Ed,Summersett,esummersett1s@globo.com,65,$4823.05,407-142-9789,esummersett1s@storify.com
66,Drud,Devereux,ddevereux1t@shinystat.com,66,$3452.59,461-759-4578,ddevereux1t@irs.gov
67,Gilemette,Mallock,gmallock1u@vimeo.com,67,$4127.65,511-126-7287,gmallock1u@wikia.com
68,Aurelia,Kmieciak,akmieciak1v@photobucket.com,68,$4464.20,741-167-9474,akmieciak1v@tmall.com
69,Cassondra,Carletto,ccarletto1w@unicef.org,69,$9640.35,416-599-2833,ccarletto1w@springer.com
70,Charlene,Stibbs,cstibbs1x@hostgator.com,70,$4339.62,317-776-5959,cstibbs1x@usda.gov
71,Katalin,Doram,kdoram1y@nih.gov,71,$9287.07,482-811-8697,kdoram1y@edublogs.org
72,Camilla,Murr,cmurr1z@ask.com,72,$8499.41,403-681-8255,cmurr1z@weather.com
73,Ignacio,Millions,imillions20@i2i.jp,73,$10736.85,981-379-8794,imillions20@kickstarter.com
74,Orrin,Bogace,obogace21@army.mil,74,$10471.45,695-919-9211,obogace21@foxnews.com
75,Augy,Gowrie,agowrie22@blogger.com,75,$5415.65,462-181-6294,agowrie22@google.nl
76,Emmalyn,Draayer,edraayer23@sourceforge.net,76,$9403.98,133-925-9767,edraayer23@amazon.co.uk
77,Aldon,Lightfoot,alightfoot24@admin.ch,77,$7235.41,692-936-8694,alightfoot24@bloomberg.com
78,Cory,Kinge,ckinge25@youtu.be,78,$5798.39,317-541-7073,ckinge25@mac.com
79,Burk,Yushin,byushin26@hatena.ne.jp,79,$10373.75,269-319-7189,byushin26@youtu.be
80,Joceline,Ousley,jousley27@ebay.co.uk,80,$10220.89,201-979-6486,jousley27@i2i.jp
81,Quentin,Kayes,qkayes28@stumbleupon.com,81,$5201.55,407-704-4495,qkayes28@devhub.com
82,Marnia,Brockie,mbrockie29@1688.com,82,$8402.13,208-122-3617,mbrockie29@salon.com
83,Junie,Hyman,jhyman2a@123-reg.co.uk,83,$9546.38,901-693-5778,jhyman2a@va.gov
84,Gaston,Priddie,gpriddie2b@51.la,84,$9883.99,234-976-5507,gpriddie2b@bing.com
85,Flint,Sheivels,fsheivels2c@pen.io,85,$8969.78,561-643-6890,fsheivels2c@123-reg.co.uk
86,Carolina,Hairsine,chairsine2d@hud.gov,86,$9313.48,122-995-5850,chairsine2d@jimdo.com
87,Filippa,Denyagin,fdenyagin2e@wp.com,87,$10569.15,456-349-4026,fdenyagin2e@cocolog-nifty.com
88,Brendon,Pitman,bpitman2f@e-recht24.de,88,$5667.65,798-808-6791,bpitman2f@jiathis.com
89,Ryan,Sails,rsails2g@vistaprint.com,89,$10151.00,739-153-6081,rsails2g@360.cn
90,Malva,Poskitt,mposkitt2h@aboutads.info,90,$9956.01,227-638-1905,mposkitt2h@xing.com
91,Ray,Conyers,rconyers2i@ovh.net,91,$9830.84,253-909-5599,rconyers2i@wiley.com
92,Ana,Sherreard,asherreard2j@gizmodo.com,92,$6558.63,116-379-4431,asherreard2j@domainmarket.com
93,Ida,Sweeny,isweeny2k@amazon.co.uk,93,$9149.72,845-213-9470,isweeny2k@paypal.com
94,Lira,Hurd,lhurd2l@columbia.edu,94,$7049.65,302-121-6973,lhurd2l@de.vu
95,Kellen,Tremberth,ktremberth2m@archive.org,95,$4955.22,888-716-4202,ktremberth2m@theglobeandmail.com
96,Roosevelt,Greatbanks,rgreatbanks2n@unesco.org,96,$9914.07,408-650-2999,rgreatbanks2n@wikia.com
97,Birgitta,Lampbrecht,blampbrecht2o@npr.org,97,$4341.01,992-566-7694,blampbrecht2o@360.cn
98,Herbie,Gettings,hgettings2p@who.int,98,$6878.43,359-467-5397,hgettings2p@shinystat.com
99,Sherwood,Trewhella,strewhella2q@cdc.gov,99,$8230.00,184-231-7331,strewhella2q@tamu.edu
100,Noami,Haddleston,nhaddleston2r@google.pl,100,$9537.49,330-767-5430,nhaddleston2r@macromedia.com
101,Gregory,Bowcher,gbowcher2s@sciencedaily.com,101,$6869.28,549-319-9681,gbowcher2s@dailymail.co.uk
102,Thaine,Legat,tlegat2t@google.ru,102,$3350.87,392-176-9990,tlegat2t@blogspot.com
103,Zitella,Runge,zrunge2u@example.com,103,$9678.52,101-559-7516,zrunge2u@icq.com
104,Barret,Pheby,bpheby2v@cbsnews.com,104,$9519.23,309-461-4835,bpheby2v@hatena.ne.jp
105,Jo,Cupper,jcupper2w@livejournal.com,105,$9802.25,667-979-2726,jcupper2w@dropbox.com
106,Reena,Fraine,rfraine2x@auda.org.au,106,$9046.06,707-912-4843,rfraine2x@bandcamp.com
107,Bibbye,Grindall,bgrindall2y@shop-pro.jp,107,$8972.90,490-358-2264,bgrindall2y@wp.com
108,Marcie,Jefferd,mjefferd2z@engadget.com,108,$4442.91,713-956-1068,mjefferd2z@bigcartel.com
109,Myrtia,Binley,mbinley30@bizjournals.com,109,$4083.48,941-208-4328,mbinley30@bandcamp.com
110,Noel,Wix,nwix31@wikimedia.org,110,$5518.99,241-863-6459,nwix31@cpanel.net
111,Ivette,Durrans,idurrans32@nytimes.com,111,$6349.66,204-925-1355,idurrans32@fastcompany.com
112,Cyndia,Drieu,cdrieu33@over-blog.com,112,$3363.47,306-764-6708,cdrieu33@npr.org
113,Randolph,Francescotti,rfrancescotti34@wix.com,113,$3342.36,639-274-2494,rfrancescotti34@princeton.edu
114,Janeen,Laird-Craig,jlairdcraig35@g.co,114,$3501.05,374-213-2236,jlairdcraig35@e-recht24.de
115,Dinnie,Derell,dderell36@foxnews.com,115,$4514.06,239-577-5305,dderell36@tiny.cc
116,Augusta,Jantot,ajantot37@ucoz.com,116,$6913.20,495-180-3345,ajantot37@yolasite.com
117,Parke,Brozsset,pbrozsset38@kickstarter.com,117,$5924.45,681-313-5654,pbrozsset38@myspace.com
118,Cornelia,Triner,ctriner39@drupal.org,118,$3550.02,941-669-7210,ctriner39@va.gov
119,Baxy,Croci,bcroci3a@nbcnews.com,119,$7214.87,621-687-2552,bcroci3a@mit.edu
120,Ellynn,Beedon,ebeedon3b@samsung.com,120,$4534.41,439-816-0612,ebeedon3b@timesonline.co.uk
121,Berke,Barthod,bbarthod3c@shutterfly.com,121,$4220.38,380-700-2560,bbarthod3c@gmpg.org
122,Clemmy,Britee,cbritee3d@unc.edu,122,$4314.44,730-788-5993,cbritee3d@skyrock.com
123,Arliene,Kennifeck,akennifeck3e@issuu.com,123,$8087.16,268-431-7699,akennifeck3e@mayoclinic.com
124,Leroy,Yurkin,lyurkin3f@tmall.com,124,$3257.60,843-724-5903,lyurkin3f@ebay.com
125,Eva,Bambury,ebambury3g@ucoz.com,125,$8580.11,390-962-6753,ebambury3g@blinklist.com
126,Netti,Corteney,ncorteney3h@shutterfly.com,126,$6497.41,221-302-6657,ncorteney3h@feedburner.com
127,Marjy,Pechet,mpechet3i@elpais.com,127,$10739.28,198-182-7005,mpechet3i@meetup.com
128,Eberhard,Allon,eallon3j@howstuffworks.com,128,$8385.98,666-825-1733,eallon3j@elpais.com
129,Jasmine,Rookes,jrookes3k@xrea.com,129,$4765.03,816-119-9242,jrookes3k@lycos.com
130,Emmye,Cubbin,ecubbin3l@gizmodo.com,130,$6383.61,282-153-3456,ecubbin3l@chicagotribune.com
131,Cleon,Winney,cwinney3m@cnbc.com,131,$9754.37,239-227-3501,cwinney3m@npr.org
132,Henri,Scurrah,hscurrah3n@slashdot.org,132,$6600.91,138-347-5701,hscurrah3n@usa.gov
133,Sawyere,Czajka,sczajka3o@a8.net,133,$10726.01,304-403-4374,sczajka3o@un.org
134,Angel,Godber,agodber3p@wikia.com,134,$7714.44,253-582-5551,agodber3p@chicagotribune.com
135,Koral,Flips,kflips3q@sogou.com,135,$7094.44,388-296-7009,kflips3q@i2i.jp
136,Stefano,Glewe,sglewe3r@apple.com,136,$4614.27,795-119-1044,sglewe3r@macromedia.com
137,Claudio,Reddell,creddell3s@macromedia.com,137,$7011.69,807-638-6606,creddell3s@blogspot.com
138,Jermain,Duckerin,jduckerin3t@livejournal.com,138,$7587.94,246-679-7312,jduckerin3t@merriam-webster.com
139,Fayette,Wisam,fwisam3u@ocn.ne.jp,139,$6501.34,905-212-6777,fwisam3u@360.cn
140,Malissia,O'Leary,moleary3v@pen.io,140,$5768.66,377-341-0525,moleary3v@wikispaces.com
141,Bevvy,Rosenstengel,brosenstengel3w@ameblo.jp,141,$6030.68,142-242-0887,brosenstengel3w@pbs.org
142,Herta,Giacobilio,hgiacobilio3x@ebay.co.uk,142,$7257.39,874-144-6520,hgiacobilio3x@pinterest.com
143,Kata,Winsiowiecki,kwinsiowiecki3y@csmonitor.com,143,$8496.18,915-896-8330,kwinsiowiecki3y@jiathis.com
144,Florry,Wiggans,fwiggans3z@amazon.co.uk,144,$10080.53,523-665-5919,fwiggans3z@google.es
145,Rickert,Shurmer,rshurmer40@phoca.cz,145,$4915.62,762-142-4973,rshurmer40@apache.org
146,Fergus,Mallender,fmallender41@phoca.cz,146,$5354.96,103-274-6137,fmallender41@sourceforge.net
147,Myrilla,Ackland,mackland42@artisteer.com,147,$3538.35,970-162-3612,mackland42@lulu.com
148,Ebba,Ducker,educker43@photobucket.com,148,$10585.67,215-804-9700,educker43@taobao.com
149,Beau,Southey,bsouthey44@cdc.gov,149,$4517.19,159-448-4041,bsouthey44@yale.edu
150,Ambrosio,Sallier,asallier45@earthlink.net,150,$4144.83,939-503-2113,asallier45@wiley.com
151,Desmund,Pre,dpre46@tinypic.com,151,$7664.71,849-628-3927,dpre46@miitbeian.gov.cn
152,Claudie,Wildor,cwildor47@msu.edu,152,$6419.34,654-305-2386,cwildor47@google.com
153,Misty,Moylan,mmoylan48@usa.gov,153,$5935.53,280-322-6505,mmoylan48@wikimedia.org
154,Georgeanna,Ovitts,govitts49@behance.net,154,$4205.99,968-168-2421,govitts49@webmd.com
155,Friederike,Toffts,ftoffts4a@stumbleupon.com,155,$7317.20,664-982-9118,ftoffts4a@miitbeian.gov.cn
156,Jaymee,Kluss,jkluss4b@themeforest.net,156,$7641.33,254-558-5104,jkluss4b@google.es
157,Aime,Durston,adurston4c@dot.gov,157,$4729.67,923-858-9220,adurston4c@weebly.com
158,Windham,Kinforth,wkinforth4d@123-reg.co.uk,158,$10935.28,136-378-7017,wkinforth4d@upenn.edu
159,Tabbi,Weadick,tweadick4e@archive.org,159,$6461.76,265-961-9148,tweadick4e@psu.edu
160,Jeana,Heditch,jheditch4f@census.gov,160,$3731.97,562-299-6433,jheditch4f@bing.com
161,Adamo,Ronchi,aronchi4g@yellowpages.com,161,$8611.88,633-432-8993,aronchi4g@blogspot.com
162,Isac,Petrenko,ipetrenko4h@theatlantic.com,162,$6513.41,843-873-8926,ipetrenko4h@unesco.org
163,Edouard,Dowderswell,edowderswell4i@cdbaby.com,163,$4946.66,127-634-1725,edowderswell4i@facebook.com
164,Forest,Mullarkey,fmullarkey4j@skyrock.com,164,$6112.29,584-277-6733,fmullarkey4j@mashable.com
165,Buddie,Raper,braper4k@baidu.com,165,$9371.59,423-364-9447,braper4k@alexa.com
166,Silvie,Mingauld,smingauld4l@hugedomains.com,166,$9130.94,895-698-6210,smingauld4l@networksolutions.com
167,Jecho,Haire,jhaire4m@europa.eu,167,$4921.48,922-659-1033,jhaire4m@people.com.cn
168,Lillian,Smale,lsmale4n@ox.ac.uk,168,$4398.92,724-805-9775,lsmale4n@utexas.edu
169,Kristel,Gooley,kgooley4o@theguardian.com,169,$8081.39,513-340-6804,kgooley4o@51.la
170,Stevena,Cockerham,scockerham4p@sciencedirect.com,170,$6461.01,857-818-6571,scockerham4p@accuweather.com
171,Arlyn,Krabbe,akrabbe4q@nytimes.com,171,$7794.19,804-863-4495,akrabbe4q@ed.gov
172,Kassandra,Debow,kdebow4r@networksolutions.com,172,$4404.49,705-159-0401,kdebow4r@ning.com
173,Kay,Fleischer,kfleischer4s@europa.eu,173,$8941.06,871-627-7828,kfleischer4s@adobe.com
174,Darwin,Riccelli,driccelli4t@bbc.co.uk,174,$6201.38,448-451-0954,driccelli4t@ucsd.edu
175,Bethanne,Crawley,bcrawley4u@exblog.jp,175,$3146.71,378-527-2541,bcrawley4u@google.de
176,Elwood,Pitchford,epitchford4v@squarespace.com,176,$4922.99,578-362-7551,epitchford4v@marketwatch.com
177,Karlyn,Baumer,kbaumer4w@cloudflare.com,177,$10534.89,769-356-7634,kbaumer4w@printfriendly.com
178,Russell,Ballin,rballin4x@cmu.edu,178,$8643.35,440-198-5930,rballin4x@deviantart.com
179,Romola,Aggus,raggus4y@dmoz.org,179,$7427.65,762-998-7423,raggus4y@goodreads.com
180,Filberto,Currom,fcurrom4z@dell.com,180,$10321.98,376-127-1974,fcurrom4z@shareasale.com
181,Patti,De la Yglesia,pdelayglesia50@bloomberg.com,181,$5631.44,731-738-8753,pdelayglesia50@liveinternet.ru
182,Elaine,Ferroli,eferroli51@prlog.org,182,$4178.02,991-320-6005,eferroli51@blogtalkradio.com
183,Carolin,Poile,cpoile52@acquirethisname.com,183,$4664.27,759-271-3235,cpoile52@europa.eu
184,Eduard,Tudhope,etudhope53@squidoo.com,184,$3793.02,825-934-3525,etudhope53@mapquest.com
185,Pavel,Beefon,pbeefon54@google.nl,185,$4904.60,920-316-2729,pbeefon54@washingtonpost.com
186,Shela,Fulleylove,sfulleylove55@wufoo.com,186,$3794.18,760-714-6414,sfulleylove55@youtu.be
187,Dannie,Sulley,dsulley56@dagondesign.com,187,$7751.10,322-834-1330,dsulley56@exblog.jp
188,Ferdie,Elintune,felintune57@ucoz.ru,188,$9125.85,523-216-3201,felintune57@dagondesign.com
189,Chance,Realph,crealph58@youtube.com,189,$8754.04,642-888-2444,crealph58@sina.com.cn
190,Ettore,Tordiffe,etordiffe59@nhs.uk,190,$10433.12,144-955-2424,etordiffe59@auda.org.au
191,Boonie,Benoi,bbenoi5a@geocities.jp,191,$10491.20,571-537-8045,bbenoi5a@networkadvertising.org
192,Melodie,Dendle,mdendle5b@clickbank.net,192,$4663.12,496-737-4054,mdendle5b@ucoz.ru
193,Merrill,Bolens,mbolens5c@foxnews.com,193,$7834.72,591-644-8707,mbolens5c@youtube.com
194,Domenic,Nobes,dnobes5d@mapy.cz,194,$8612.94,741-660-2261,dnobes5d@ebay.com
195,Ardith,Sparham,asparham5e@nydailynews.com,195,$6183.34,500-113-3630,asparham5e@freewebs.com
196,Jere,McElree,jmcelree5f@etsy.com,196,$6089.55,134-703-3616,jmcelree5f@dropbox.com
197,Danell,Bellhouse,dbellhouse5g@moonfruit.com,197,$10870.99,115-735-5395,dbellhouse5g@indiatimes.com
198,Carri,Daughtry,cdaughtry5h@guardian.co.uk,198,$10754.86,124-486-6902,cdaughtry5h@dropbox.com
199,Julianna,Reside,jreside5i@examiner.com,199,$5364.79,174-392-1799,jreside5i@artisteer.com
200,Chantalle,Karchewski,ckarchewski5j@cnn.com,200,$10632.01,462-784-6807,ckarchewski5j@shop-pro.jp
201,Muriel,Weller,mweller5k@histats.com,201,$9222.04,196-525-0008,mweller5k@parallels.com
202,Adria,McKilroe,amckilroe5l@csmonitor.com,202,$9548.97,735-536-9383,amckilroe5l@baidu.com
203,Jeff,MacElholm,jmacelholm5m@github.com,203,$4094.15,429-898-8773,jmacelholm5m@tumblr.com
204,Melodie,Casellas,mcasellas5n@tamu.edu,204,$3538.24,990-661-9933,mcasellas5n@over-blog.com
205,Caril,Harmson,charmson5o@edublogs.org,205,$5541.46,404-454-9927,charmson5o@godaddy.com
206,Nadiya,Proughten,nproughten5p@com.com,206,$5577.01,126-754-3921,nproughten5p@tinyurl.com
207,Giffy,Cristofol,gcristofol5q@etsy.com,207,$5784.50,944-690-8195,gcristofol5q@illinois.edu
208,Renado,Lydiard,rlydiard5r@hibu.com,208,$10757.53,909-518-7039,rlydiard5r@gmpg.org
209,Lorrie,Grzeszczyk,lgrzeszczyk5s@angelfire.com,209,$10528.43,638-564-7372,lgrzeszczyk5s@google.com.au
210,Tomasine,Cockton,tcockton5t@tripadvisor.com,210,$10313.90,362-202-5170,tcockton5t@theguardian.com
211,Lanita,Yeo,lyeo5u@cdbaby.com,211,$3645.83,529-632-8479,lyeo5u@php.net
212,Dorothy,Verlander,dverlander5v@examiner.com,212,$8453.49,323-291-0891,dverlander5v@wsj.com
213,Jillayne,Haysar,jhaysar5w@reuters.com,213,$10316.83,320-343-5517,jhaysar5w@google.pl
214,Avivah,Chippin,achippin5x@foxnews.com,214,$3146.44,586-911-3370,achippin5x@yahoo.co.jp
215,Pooh,Jinkins,pjinkins5y@reuters.com,215,$6756.19,875-154-0759,pjinkins5y@ihg.com
216,Monroe,Dollman,mdollman5z@surveymonkey.com,216,$5313.35,827-574-0861,mdollman5z@merriam-webster.com
217,Elton,Mold,emold60@xinhuanet.com,217,$7200.94,918-775-9537,emold60@discuz.net
218,Dorella,Emeline,demeline61@acquirethisname.com,218,$7882.13,839-467-8811,demeline61@latimes.com
219,Parry,Hinge,phinge62@dailymail.co.uk,219,$10747.25,101-430-4962,phinge62@home.pl
220,Arabelle,Longworthy,alongworthy63@blogtalkradio.com,220,$4821.55,882-976-8785,alongworthy63@telegraph.co.uk
221,Myrtie,Rieger,mrieger64@123-reg.co.uk,221,$10653.51,741-557-7337,mrieger64@techcrunch.com
222,Kirby,Figures,kfigures65@smugmug.com,222,$9013.18,210-393-7589,kfigures65@csmonitor.com
223,Ruddie,Gimlet,rgimlet66@ask.com,223,$10773.42,244-150-3861,rgimlet66@japanpost.jp
224,Lanna,Keemer,lkeemer67@fema.gov,224,$6776.57,722-769-6379,lkeemer67@hp.com
225,Juliann,Giveen,jgiveen68@oaic.gov.au,225,$8844.88,218-224-3082,jgiveen68@hp.com
226,Ripley,Gallyon,rgallyon69@wordpress.org,226,$5744.02,305-972-7275,rgallyon69@nsw.gov.au
227,Haleigh,Lumby,hlumby6a@shareasale.com,227,$6513.99,462-447-4278,hlumby6a@hugedomains.com
228,Sean,Seymark,sseymark6b@typepad.com,228,$3627.48,480-451-2400,sseymark6b@soundcloud.com
229,Christiana,Brenston,cbrenston6c@networkadvertising.org,229,$6674.85,588-507-1852,cbrenston6c@wikia.com
230,Karleen,Deacock,kdeacock6d@baidu.com,230,$5157.58,707-929-7028,kdeacock6d@weebly.com
231,Ephraim,Garrick,egarrick6e@moonfruit.com,231,$3985.36,147-445-7924,egarrick6e@usda.gov
232,Perla,Pandya,ppandya6f@nytimes.com,232,$6293.65,380-255-3206,ppandya6f@europa.eu
233,Hale,Boothby,hboothby6g@hugedomains.com,233,$8973.62,945-415-7303,hboothby6g@photobucket.com
234,Dannye,Riceards,driceards6h@geocities.jp,234,$8889.46,169-486-4810,driceards6h@lulu.com
235,Ashlen,Haw,ahaw6i@wordpress.com,235,$6479.05,420-883-4137,ahaw6i@netvibes.com
236,Niko,Gostall,ngostall6j@dell.com,236,$6920.29,995-347-1792,ngostall6j@cnbc.com
237,Olive,Topling,otopling6k@nih.gov,237,$10941.60,551-504-2106,otopling6k@simplemachines.org
238,Winonah,Kryszkiecicz,wkryszkiecicz6l@ezinearticles.com,238,$8888.56,608-256-1155,wkryszkiecicz6l@storify.com
239,Harald,Hymer,hhymer6m@cloudflare.com,239,$6733.91,861-504-8730,hhymer6m@un.org
240,Hank,Mathevet,hmathevet6n@mashable.com,240,$3789.73,417-503-3580,hmathevet6n@jugem.jp
241,Karlotta,Rosin,krosin6o@storify.com,241,$6828.86,586-649-8202,krosin6o@accuweather.com
242,Adair,Koppe,akoppe6p@go.com,242,$8781.66,696-619-3388,akoppe6p@hostgator.com
243,Sabrina,Bortolutti,sbortolutti6q@fc2.com,243,$5325.49,862-955-3782,sbortolutti6q@cocolog-nifty.com
244,Caren,Terzi,cterzi6r@odnoklassniki.ru,244,$6848.78,517-853-8140,cterzi6r@cafepress.com
245,Shirline,Ivory,sivory6s@harvard.edu,245,$3545.46,825-173-0223,sivory6s@t-online.de
246,Tybie,Kalkofer,tkalkofer6t@macromedia.com,246,$8989.17,883-983-3173,tkalkofer6t@goo.gl
247,Egon,Gaynesford,egaynesford6u@indiegogo.com,247,$10337.36,112-907-5624,egaynesford6u@pinterest.com
248,Udale,Corlett,ucorlett6v@wsj.com,248,$5195.79,498-543-3368,ucorlett6v@linkedin.com
249,Conney,Gaitskill,cgaitskill6w@umich.edu,249,$6332.32,718-650-1967,cgaitskill6w@yellowbook.com
250,Clea,Gonoude,cgonoude6x@yolasite.com,250,$3445.58,640-338-7930,cgonoude6x@smugmug.com
251,Meredith,Tesdale,mtesdale6y@walmart.com,251,$9399.28,818-910-1760,mtesdale6y@desdev.cn
252,Jennee,Cowland,jcowland6z@japanpost.jp,252,$6452.51,338-687-0095,jcowland6z@scribd.com
253,Dolores,Losebie,dlosebie70@php.net,253,$8652.90,307-747-3315,dlosebie70@java.com
254,Jordain,McTavy,jmctavy71@google.es,254,$10241.63,837-807-2272,jmctavy71@time.com
255,Gerhard,Mallabund,gmallabund72@house.gov,255,$3423.42,104-839-4970,gmallabund72@ifeng.com
256,Rene,Linner,rlinner73@dmoz.org,256,$9729.31,399-696-6550,rlinner73@reverbnation.com
257,Darby,Minnette,dminnette74@blinklist.com,257,$6998.75,939-251-8951,dminnette74@microsoft.com
258,Leonora,Machin,lmachin75@columbia.edu,258,$6864.36,104-736-5574,lmachin75@ning.com
259,Robinette,Rowswell,rrowswell76@ed.gov,259,$4895.81,256-220-1120,rrowswell76@wp.com
260,Tallulah,Spavon,tspavon77@buzzfeed.com,260,$9752.79,933-206-8259,tspavon77@hubpages.com
261,Rozele,Frostdick,rfrostdick78@nyu.edu,261,$9867.84,688-421-0466,rfrostdick78@homestead.com
262,Osborn,Jojic,ojojic79@miibeian.gov.cn,262,$3735.43,832-941-1310,ojojic79@nydailynews.com
263,Rosy,Gyppes,rgyppes7a@surveymonkey.com,263,$6463.49,440-322-1889,rgyppes7a@mit.edu
264,Lenette,Weagener,lweagener7b@smugmug.com,264,$7230.23,415-599-4775,lweagener7b@simplemachines.org
265,Skipton,Bestiman,sbestiman7c@reference.com,265,$10040.61,304-580-0872,sbestiman7c@cdbaby.com
266,Suzie,Boniface,sboniface7d@ow.ly,266,$8175.59,465-811-2214,sboniface7d@marketwatch.com
267,Lolly,Planque,lplanque7e@google.de,267,$5247.87,520-221-2955,lplanque7e@g.co
268,Napoleon,Stripp,nstripp7f@goodreads.com,268,$10247.62,900-569-6968,nstripp7f@ask.com
269,Zenia,Baynam,zbaynam7g@odnoklassniki.ru,269,$4612.11,180-943-1550,zbaynam7g@ft.com
270,Ashley,MacArte,amacarte7h@ucoz.ru,270,$5665.55,687-305-6535,amacarte7h@live.com
271,Chelsy,Hassett,chassett7i@spiegel.de,271,$9718.52,773-284-2417,chassett7i@shutterfly.com
272,Ransell,Quigley,rquigley7j@scribd.com,272,$3487.85,859-450-6314,rquigley7j@newyorker.com
273,Penelope,Seedull,pseedull7k@discuz.net,273,$7340.83,851-169-2678,pseedull7k@livejournal.com
274,Alethea,Farrell,afarrell7l@mac.com,274,$9817.84,724-865-2455,afarrell7l@loc.gov
275,Fleur,Zoren,fzoren7m@fema.gov,275,$8320.25,583-204-7602,fzoren7m@drupal.org
276,Warde,Lankford,wlankford7n@dagondesign.com,276,$9269.89,372-925-0529,wlankford7n@ft.com
277,Shayne,Malloch,smalloch7o@wix.com,277,$7078.99,189-237-2710,smalloch7o@ucsd.edu
278,Shandy,Perrington,sperrington7p@seesaa.net,278,$5928.07,840-387-3073,sperrington7p@t.co
279,Dominga,McGilleghole,dmcgilleghole7q@opensource.org,279,$3289.79,342-845-8484,dmcgilleghole7q@sphinn.com
280,Tyson,Vokes,tvokes7r@reddit.com,280,$6420.49,519-820-5994,tvokes7r@booking.com
281,Kev,Ianilli,kianilli7s@earthlink.net,281,$7563.42,643-146-7009,kianilli7s@zimbio.com
282,Bunni,Paulillo,bpaulillo7t@house.gov,282,$8460.56,955-240-9978,bpaulillo7t@independent.co.uk
283,Becki,Divisek,bdivisek7u@businessinsider.com,283,$8770.18,785-997-7763,bdivisek7u@dagondesign.com
284,Norman,Derr,nderr7v@slate.com,284,$8016.17,812-151-9583,nderr7v@infoseek.co.jp
285,Anastasia,Gosnall,agosnall7w@soup.io,285,$6801.47,566-960-4969,agosnall7w@sfgate.com
286,Wang,Reedyhough,wreedyhough7x@reuters.com,286,$9492.65,274-196-8594,wreedyhough7x@hhs.gov
287,Donny,Laver,dlaver7y@shinystat.com,287,$3652.04,658-891-6685,dlaver7y@oaic.gov.au
288,Rosemary,Trotton,rtrotton7z@dailymail.co.uk,288,$9997.76,212-433-5876,rtrotton7z@vistaprint.com
289,Alvie,Purseglove,apurseglove80@marriott.com,289,$6715.89,425-755-8662,apurseglove80@ehow.com
290,Lib,Capron,lcapron81@exblog.jp,290,$7365.21,988-938-6376,lcapron81@youtube.com
291,Maisie,Folk,mfolk82@china.com.cn,291,$8629.85,310-776-1732,mfolk82@accuweather.com
292,Margalo,Ingarfill,mingarfill83@biblegateway.com,292,$6444.15,963-546-4234,mingarfill83@nydailynews.com
293,Jacquelyn,Yanne,jyanne84@woothemes.com,293,$9740.66,172-279-2379,jyanne84@tumblr.com
294,Harmony,Jirik,hjirik85@sun.com,294,$10533.68,601-212-8258,hjirik85@slideshare.net
295,Loni,Tumielli,ltumielli86@naver.com,295,$5962.34,502-717-8300,ltumielli86@wunderground.com
296,Nannie,Ubanks,nubanks87@vinaora.com,296,$6614.27,722-350-8215,nubanks87@walmart.com
297,Otho,le Keux,olekeux88@umich.edu,297,$10775.38,315-998-8919,olekeux88@bloomberg.com
298,Celine,Forsdicke,cforsdicke89@europa.eu,298,$6433.81,623-970-6061,cforsdicke89@comsenz.com
299,Arlyn,Clyma,aclyma8a@drupal.org,299,$8494.33,214-998-0478,aclyma8a@wix.com
300,Guy,Elverston,gelverston8b@wikipedia.org,300,$7028.24,321-294-0947,gelverston8b@yolasite.com
301,Neila,Sterman,nsterman8c@topsy.com,301,$7992.57,145-855-4626,nsterman8c@jugem.jp
302,Drew,Calcut,dcalcut8d@studiopress.com,302,$9541.31,344-488-5614,dcalcut8d@stumbleupon.com
303,Verene,Jerschke,vjerschke8e@xing.com,303,$6821.99,796-239-1598,vjerschke8e@taobao.com
304,Nicol,Robillard,nrobillard8f@w3.org,304,$5357.84,874-644-8376,nrobillard8f@desdev.cn
305,Zena,Licas,zlicas8g@sina.com.cn,305,$9968.68,247-750-1371,zlicas8g@de.vu
306,Curran,Dri,cdri8h@infoseek.co.jp,306,$3655.95,220-596-5992,cdri8h@bandcamp.com
307,Daryn,Celiz,dceliz8i@wiley.com,307,$3433.27,841-413-4023,dceliz8i@google.com
308,Frasquito,Ridley,fridley8j@cisco.com,308,$7436.01,919-540-9980,fridley8j@unesco.org
309,Kathleen,Edmeades,kedmeades8k@istockphoto.com,309,$5576.02,483-118-7416,kedmeades8k@cbsnews.com
310,Thorstein,Watt,twatt8l@homestead.com,310,$6229.46,150-810-0406,twatt8l@rambler.ru
311,Mary,Scrowby,mscrowby8m@hubpages.com,311,$5948.08,401-698-8003,mscrowby8m@stumbleupon.com
312,Kris,Vyel,kvyel8n@time.com,312,$5010.67,576-764-2329,kvyel8n@rakuten.co.jp
313,Rouvin,Mullinger,rmullinger8o@4shared.com,313,$6442.53,698-730-0694,rmullinger8o@dot.gov
314,Hew,Chesterton,hchesterton8p@geocities.jp,314,$9164.98,321-546-1311,hchesterton8p@privacy.gov.au
315,Lenee,MacCarroll,lmaccarroll8q@economist.com,315,$8853.04,916-856-1263,lmaccarroll8q@zdnet.com
316,Hattie,Burmingham,hburmingham8r@si.edu,316,$8752.55,768-246-9225,hburmingham8r@simplemachines.org
317,Fey,O' Kelleher,fokelleher8s@archive.org,317,$3046.42,531-897-9537,fokelleher8s@wiley.com
318,Gabi,Elies,gelies8t@un.org,318,$4730.43,313-910-1444,gelies8t@angelfire.com
319,Zacharia,Sarfat,zsarfat8u@gnu.org,319,$10538.47,861-551-5212,zsarfat8u@thetimes.co.uk
320,Gerardo,Smither,gsmither8v@reverbnation.com,320,$4390.42,971-364-5191,gsmither8v@home.pl
321,Taryn,Ramsden,tramsden8w@bing.com,321,$6076.35,394-754-6272,tramsden8w@shop-pro.jp
322,Park,Penritt,ppenritt8x@elegantthemes.com,322,$9331.06,944-559-9805,ppenritt8x@prweb.com
323,Lila,Clemencon,lclemencon8y@sakura.ne.jp,323,$7517.46,599-933-1443,lclemencon8y@craigslist.org
324,Uri,Humbie,uhumbie8z@fda.gov,324,$5869.57,643-122-2801,uhumbie8z@scientificamerican.com
325,Ignace,Accombe,iaccombe90@ezinearticles.com,325,$8577.20,625-589-2078,iaccombe90@mysql.com
326,Nerissa,Hadaway,nhadaway91@ustream.tv,326,$9537.37,862-995-1951,nhadaway91@google.com
327,Abramo,Scopham,ascopham92@irs.gov,327,$6846.54,212-253-0228,ascopham92@posterous.com
328,Durante,Daws,ddaws93@theglobeandmail.com,328,$5663.98,822-305-7241,ddaws93@yelp.com
329,Robinet,Garham,rgarham94@businesswire.com,329,$9434.43,581-360-1771,rgarham94@over-blog.com
330,Pacorro,Farryn,pfarryn95@istockphoto.com,330,$4999.06,746-804-7690,pfarryn95@delicious.com
331,Goldie,Rheaume,grheaume96@seesaa.net,331,$9753.56,434-702-1219,grheaume96@blinklist.com
332,Burtie,Sewter,bsewter97@themeforest.net,332,$5401.59,185-806-1429,bsewter97@sphinn.com
333,Benito,Caulton,bcaulton98@howstuffworks.com,333,$10669.57,456-137-2821,bcaulton98@globo.com
334,Harley,Sly,hsly99@xrea.com,334,$9169.70,358-238-0637,hsly99@cornell.edu
335,Rorie,Gaskin,rgaskin9a@wix.com,335,$9141.37,925-972-3894,rgaskin9a@techcrunch.com
336,Janelle,Atrill,jatrill9b@sciencedirect.com,336,$7240.87,304-261-0057,jatrill9b@mashable.com
337,Rhodie,Augar,raugar9c@de.vu,337,$8184.66,814-521-1375,raugar9c@cdbaby.com
338,Zeke,Frowd,zfrowd9d@jiathis.com,338,$9845.98,574-117-2512,zfrowd9d@howstuffworks.com
339,Mallory,Woolstenholmes,mwoolstenholmes9e@usnews.com,339,$3504.85,825-599-6472,mwoolstenholmes9e@indiatimes.com
340,Forbes,Boole,fboole9f@devhub.com,340,$4830.12,469-653-9909,fboole9f@bravesites.com
341,Isidor,Ryton,iryton9g@webeden.co.uk,341,$10766.46,931-852-1494,iryton9g@admin.ch
342,Godiva,Fetherstan,gfetherstan9h@stanford.edu,342,$7233.51,841-238-4089,gfetherstan9h@auda.org.au
343,Wilie,Petrou,wpetrou9i@prweb.com,343,$7149.21,525-669-6326,wpetrou9i@is.gd
344,Brod,Brunelleschi,bbrunelleschi9j@alibaba.com,344,$5325.62,113-897-0986,bbrunelleschi9j@bandcamp.com
345,Benny,Yeskin,byeskin9k@privacy.gov.au,345,$4295.30,670-832-6048,byeskin9k@cyberchimps.com
346,Fabien,Townend,ftownend9l@guardian.co.uk,346,$5863.32,573-363-1556,ftownend9l@indiegogo.com
347,Raviv,Moreinis,rmoreinis9m@bbb.org,347,$9219.06,491-331-3421,rmoreinis9m@nature.com
348,Seward,Ianilli,sianilli9n@webmd.com,348,$7544.86,922-252-2561,sianilli9n@sohu.com
349,Agnes,Castanone,acastanone9o@redcross.org,349,$9169.15,475-176-1331,acastanone9o@homestead.com
350,Maxy,Bath,mbath9p@blinklist.com,350,$7471.03,622-359-7314,mbath9p@theguardian.com
351,Caril,Powton,cpowton9q@nps.gov,351,$5553.76,975-468-3571,cpowton9q@taobao.com
352,Moll,Posse,mposse9r@loc.gov,352,$10636.03,591-818-2062,mposse9r@com.com
353,Crichton,Simes,csimes9s@google.pl,353,$10142.26,443-219-3659,csimes9s@scientificamerican.com
354,Fabien,Porte,fporte9t@studiopress.com,354,$8552.08,806-428-9776,fporte9t@canalblog.com
355,Annamaria,Demongeot,ademongeot9u@imgur.com,355,$3160.52,983-480-5799,ademongeot9u@networkadvertising.org
356,Archibold,Saill,asaill9v@mayoclinic.com,356,$4099.59,533-620-9440,asaill9v@bizjournals.com
357,Ianthe,Sherrocks,isherrocks9w@salon.com,357,$6639.03,697-743-3764,isherrocks9w@simplemachines.org
358,Berna,Gallaher,bgallaher9x@xrea.com,358,$8353.63,825-130-2321,bgallaher9x@mail.ru
359,Rickie,Markie,rmarkie9y@about.com,359,$7730.13,916-308-8743,rmarkie9y@smh.com.au
360,Romona,Naylor,rnaylor9z@ebay.com,360,$5190.46,945-319-7055,rnaylor9z@linkedin.com
361,Halsy,Helian,hheliana0@nifty.com,361,$3550.99,249-190-2536,hheliana0@wikispaces.com
362,Harlan,Lippitt,hlippitta1@ifeng.com,362,$10439.25,860-921-2569,hlippitta1@tripadvisor.com
363,Eal,Spriddle,espriddlea2@sogou.com,363,$6829.20,345-392-2940,espriddlea2@berkeley.edu
364,Barron,Dovington,bdovingtona3@mayoclinic.com,364,$3316.11,591-322-9423,bdovingtona3@ow.ly
365,Ashbey,Danovich,adanovicha4@github.io,365,$6873.52,464-705-9569,adanovicha4@cisco.com
366,Araldo,Demko,ademkoa5@nbcnews.com,366,$9557.96,332-711-8394,ademkoa5@google.pl
367,Penny,Marrington,pmarringtona6@elegantthemes.com,367,$6119.07,835-341-2085,pmarringtona6@hhs.gov
368,Jobie,Style,jstylea7@webeden.co.uk,368,$3774.64,574-608-1258,jstylea7@imdb.com
369,Zarah,Adney,zadneya8@newsvine.com,369,$3620.87,711-857-8945,zadneya8@nsw.gov.au
370,Constance,Jurick,cjuricka9@bizjournals.com,370,$7872.80,733-977-8158,cjuricka9@google.com
371,Preston,Antill,pantillaa@lulu.com,371,$4540.17,900-595-6206,pantillaa@eventbrite.com
372,Benson,Behr,bbehrab@upenn.edu,372,$5950.18,481-763-3868,bbehrab@techcrunch.com
373,Phyllys,Davidovics,pdavidovicsac@discovery.com,373,$7055.17,375-918-5017,pdavidovicsac@berkeley.edu
374,Ignacius,Marchington,imarchingtonad@ning.com,374,$8274.55,725-926-7725,imarchingtonad@cargocollective.com
375,Moyra,Mongan,mmonganae@sciencedirect.com,375,$10729.09,324-159-5771,mmonganae@jalbum.net
376,Sile,Alcorn,salcornaf@imageshack.us,376,$8324.36,525-647-5525,salcornaf@hexun.com
377,Rona,Cantera,rcanteraag@xrea.com,377,$3257.24,621-646-7209,rcanteraag@va.gov
378,Ethelind,Ferrettini,eferrettiniah@mysql.com,378,$3183.32,634-654-7284,eferrettiniah@geocities.com
379,Mora,Aucock,maucockai@example.com,379,$10277.39,248-276-2145,maucockai@businessinsider.com
380,Frazier,Brehaut,fbrehautaj@histats.com,380,$3511.48,787-934-5045,fbrehautaj@fema.gov
381,Lynette,Voller,lvollerak@columbia.edu,381,$6612.34,687-422-5470,lvollerak@vistaprint.com
382,Alano,Glisenan,aglisenanal@xrea.com,382,$10134.40,931-933-3455,aglisenanal@vk.com
383,Konstance,Skyrme,kskyrmeam@stumbleupon.com,383,$5446.49,869-974-9300,kskyrmeam@reuters.com
384,Cammy,Sykora,csykoraan@google.nl,384,$3998.28,549-429-8858,csykoraan@prweb.com
385,Genny,Bartolomeotti,gbartolomeottiao@domainmarket.com,385,$3374.65,438-137-2780,gbartolomeottiao@cnbc.com
386,Marven,Swyne,mswyneap@theatlantic.com,386,$4054.61,440-975-8641,mswyneap@pinterest.com
387,Zollie,Cheetam,zcheetamaq@comsenz.com,387,$9579.91,447-989-2095,zcheetamaq@acquirethisname.com
388,Joice,Clarricoates,jclarricoatesar@yellowbook.com,388,$4153.58,149-560-6400,jclarricoatesar@geocities.com
389,Aida,Housam,ahousamas@artisteer.com,389,$9859.87,804-601-2809,ahousamas@yahoo.com
390,Costa,End,cendat@myspace.com,390,$6535.05,686-661-1899,cendat@youku.com
391,Hernando,Kornel,hkornelau@mapy.cz,391,$6080.81,180-143-2420,hkornelau@amazon.com
392,Almeda,Biner,abinerav@deviantart.com,392,$3603.03,183-629-2509,abinerav@squarespace.com
393,Emmie,Ivan,eivanaw@blinklist.com,393,$5200.07,590-571-9723,eivanaw@yahoo.com
394,Marleah,Althrop,malthropax@paginegialle.it,394,$10668.20,708-371-1665,malthropax@gov.uk
395,Valida,Offiler,voffileray@bluehost.com,395,$4456.41,172-970-7761,voffileray@whitehouse.gov
396,Beilul,Riping,bripingaz@miibeian.gov.cn,396,$10463.18,770-549-0363,bripingaz@flavors.me
397,Kevan,Klaus,kklausb0@slate.com,397,$6557.24,590-325-0657,kklausb0@edublogs.org
398,Quinton,Gatcliff,qgatcliffb1@storify.com,398,$8752.36,370-269-2196,qgatcliffb1@cornell.edu
399,Tully,Garrow,tgarrowb2@ehow.com,399,$6562.78,594-218-7407,tgarrowb2@t-online.de
400,Leona,Aspinal,laspinalb3@nydailynews.com,400,$4901.59,585-858-5433,laspinalb3@dedecms.com
401,Kingsly,Jacquemard,kjacquemardb4@salon.com,401,$4117.19,899-226-2169,kjacquemardb4@unesco.org
402,Kimmy,Copley,kcopleyb5@opera.com,402,$3349.58,673-684-2792,kcopleyb5@prweb.com
403,Merrill,Joyson,mjoysonb6@nbcnews.com,403,$3912.76,845-708-1916,mjoysonb6@sbwire.com
404,Maire,Fullstone,mfullstoneb7@boston.com,404,$9408.08,540-354-9455,mfullstoneb7@ebay.com
405,Phineas,Banham,pbanhamb8@shutterfly.com,405,$10045.24,881-423-0832,pbanhamb8@hibu.com
406,Enid,Thurner,ethurnerb9@deliciousdays.com,406,$4047.57,704-875-5152,ethurnerb9@edublogs.org
407,Guenevere,Kusick,gkusickba@adobe.com,407,$10201.44,174-179-0998,gkusickba@cloudflare.com
408,Genny,Hadlington,ghadlingtonbb@weebly.com,408,$10748.68,524-189-9493,ghadlingtonbb@ibm.com
409,Nickolai,Gready,ngreadybc@youtube.com,409,$3752.93,531-327-8220,ngreadybc@discovery.com
410,Idaline,Medendorp,imedendorpbd@is.gd,410,$7613.10,488-499-3498,imedendorpbd@yolasite.com
411,Kirstyn,Slator,kslatorbe@jiathis.com,411,$3912.25,125-745-8162,kslatorbe@toplist.cz
412,Katrine,MacDermid,kmacdermidbf@ning.com,412,$6020.06,147-264-5743,kmacdermidbf@tiny.cc
413,Gena,Stenett,gstenettbg@china.com.cn,413,$3753.32,921-587-3902,gstenettbg@reddit.com
414,Sindee,Warin,swarinbh@clickbank.net,414,$10809.56,934-655-1623,swarinbh@newsvine.com
415,Fenelia,Simpkin,fsimpkinbi@topsy.com,415,$6772.79,133-700-9445,fsimpkinbi@bravesites.com
416,Isidor,Marcome,imarcomebj@nasa.gov,416,$9328.59,993-325-5500,imarcomebj@psu.edu
417,Wye,Cristofvao,wcristofvaobk@sbwire.com,417,$7685.34,421-663-0085,wcristofvaobk@time.com
418,Matelda,Saffen,msaffenbl@hhs.gov,418,$9620.61,324-573-4310,msaffenbl@miibeian.gov.cn
419,Jade,Boggish,jboggishbm@twitpic.com,419,$8308.69,527-922-4797,jboggishbm@discovery.com
420,Joella,Vanin,jvaninbn@who.int,420,$6646.11,761-335-9620,jvaninbn@weather.com
421,Lissie,Polglase,lpolglasebo@is.gd,421,$5132.31,381-748-5231,lpolglasebo@creativecommons.org
422,Darnell,Dumblton,ddumbltonbp@ft.com,422,$9626.23,664-388-5225,ddumbltonbp@state.gov
423,Arabela,Rasch,araschbq@reverbnation.com,423,$4119.53,618-586-4831,araschbq@pen.io
424,Vivianna,Very,vverybr@shutterfly.com,424,$9660.44,383-541-7497,vverybr@nih.gov
425,Barris,Bearne,bbearnebs@blogtalkradio.com,425,$4818.36,563-797-3989,bbearnebs@canalblog.com
426,Caron,Refford,creffordbt@ucoz.com,426,$6972.48,217-151-6967,creffordbt@cbslocal.com
427,Huntington,Scardefield,hscardefieldbu@deliciousdays.com,427,$3116.35,689-361-2050,hscardefieldbu@nba.com
428,Garrek,Cosgry,gcosgrybv@blogspot.com,428,$10549.63,182-824-5597,gcosgrybv@eventbrite.com
429,Rex,Enever,reneverbw@opera.com,429,$7405.16,798-426-0978,reneverbw@mapquest.com
430,Gisella,Sikorski,gsikorskibx@woothemes.com,430,$10895.63,364-382-6804,gsikorskibx@51.la
431,Johnath,Greschik,jgreschikby@rediff.com,431,$8098.41,124-837-2652,jgreschikby@google.co.uk
432,Craig,Lilford,clilfordbz@auda.org.au,432,$10423.06,783-278-4434,clilfordbz@arstechnica.com
433,Hagan,Cleveland,hclevelandc0@ucoz.com,433,$9737.60,917-553-1293,hclevelandc0@flickr.com
434,Rooney,Waiting,rwaitingc1@cornell.edu,434,$5070.58,153-192-4816,rwaitingc1@usnews.com
435,Xena,Darbey,xdarbeyc2@cnn.com,435,$4363.30,664-670-0898,xdarbeyc2@netscape.com
436,Stefano,Atchly,satchlyc3@w3.org,436,$5683.01,752-188-9120,satchlyc3@spiegel.de
437,Olly,Plank,oplankc4@ustream.tv,437,$8536.13,398-446-3982,oplankc4@jimdo.com
438,Tanhya,Leeuwerink,tleeuwerinkc5@msn.com,438,$8704.31,838-836-3533,tleeuwerinkc5@aol.com
439,Ashlin,Kitcat,akitcatc6@spotify.com,439,$3031.33,730-342-6819,akitcatc6@uiuc.edu
440,Staci,Ashfull,sashfullc7@ask.com,440,$7408.81,272-119-8587,sashfullc7@paginegialle.it
441,Rochester,Riseam,rriseamc8@xinhuanet.com,441,$4812.46,671-864-5589,rriseamc8@istockphoto.com
442,Concettina,Scholard,cscholardc9@mtv.com,442,$4161.19,866-186-3797,cscholardc9@unicef.org
443,Lamar,Broggelli,lbroggellica@g.co,443,$4227.39,165-458-3739,lbroggellica@stanford.edu
444,Drew,Borrington,dborringtoncb@reference.com,444,$9952.13,627-581-4056,dborringtoncb@craigslist.org
445,Hyacinthie,Cavee,hcaveecc@youtu.be,445,$7314.59,524-570-1367,hcaveecc@timesonline.co.uk
446,Ogdon,Follett,ofollettcd@sciencedirect.com,446,$9103.06,995-371-8520,ofollettcd@fda.gov
447,Margret,Wybern,mwybernce@soup.io,447,$10922.58,691-290-4970,mwybernce@qq.com
448,Violette,Lowseley,vlowseleycf@people.com.cn,448,$4283.07,722-545-6176,vlowseleycf@newsvine.com
449,Hiram,Le Breton,hlebretoncg@ehow.com,449,$8012.11,240-616-7781,hlebretoncg@rakuten.co.jp
450,Darline,Goseling,dgoselingch@ehow.com,450,$10198.21,401-915-0286,dgoselingch@cargocollective.com
451,Robbie,Clemmett,rclemmettci@mashable.com,451,$6327.62,548-856-8665,rclemmettci@over-blog.com
452,Kara-lynn,Harbach,kharbachcj@npr.org,452,$4781.46,622-783-0354,kharbachcj@discuz.net
453,Tilda,Masey,tmaseyck@nbcnews.com,453,$3689.38,859-569-4052,tmaseyck@parallels.com
454,Meier,Comusso,mcomussocl@disqus.com,454,$5295.00,231-539-9759,mcomussocl@woothemes.com
455,Jonathan,Beere,jbeerecm@chicagotribune.com,455,$9789.47,104-233-9984,jbeerecm@virginia.edu
456,Agustin,Davson,adavsoncn@indiegogo.com,456,$7878.24,803-628-3425,adavsoncn@oaic.gov.au
457,Alexander,Sollowaye,asollowayeco@salon.com,457,$10486.78,732-136-2910,asollowayeco@arizona.edu
458,Kitti,Orteu,korteucp@wsj.com,458,$3680.22,707-124-7571,korteucp@trellian.com
459,Armstrong,Le Galle,alegallecq@facebook.com,459,$3941.66,591-495-3914,alegallecq@redcross.org
460,Elfreda,Ower,eowercr@shinystat.com,460,$7901.11,751-515-6623,eowercr@squarespace.com
461,Dominique,Dunsford,ddunsfordcs@cyberchimps.com,461,$9302.48,514-477-3875,ddunsfordcs@woothemes.com
462,Alma,Clapshaw,aclapshawct@yahoo.co.jp,462,$3584.00,445-582-8278,aclapshawct@reverbnation.com
463,Aggi,Hilldrop,ahilldropcu@xing.com,463,$3232.14,968-347-1666,ahilldropcu@engadget.com
464,Aron,Mountford,amountfordcv@blogger.com,464,$6437.45,586-756-4693,amountfordcv@blinklist.com
465,Candie,Chastaing,cchastaingcw@virginia.edu,465,$8087.15,635-690-6634,cchastaingcw@china.com.cn
466,Jillana,Cicchillo,jcicchillocx@theguardian.com,466,$6923.45,315-354-2879,jcicchillocx@wired.com
467,Justis,Chatenet,jchatenetcy@stumbleupon.com,467,$5439.58,114-373-8516,jchatenetcy@admin.ch
468,Skylar,Apfelmann,sapfelmanncz@baidu.com,468,$8792.09,235-790-2408,sapfelmanncz@senate.gov
469,Ewan,Geck,egeckd0@360.cn,469,$6450.52,416-883-3127,egeckd0@hao123.com
470,Thia,Danniel,tdannield1@prnewswire.com,470,$8650.78,213-496-5857,tdannield1@bloglines.com
471,Antoine,Totaro,atotarod2@macromedia.com,471,$8681.71,943-931-9434,atotarod2@odnoklassniki.ru
472,Odele,Wagenen,owagenend3@t.co,472,$10547.22,829-525-5990,owagenend3@purevolume.com
473,Ailee,Manktelow,amanktelowd4@fc2.com,473,$7794.30,921-779-4225,amanktelowd4@apache.org
474,Tailor,Grigolon,tgrigolond5@springer.com,474,$4003.75,473-150-1620,tgrigolond5@noaa.gov
475,Anthe,Hyne,ahyned6@flavors.me,475,$5644.87,937-606-7892,ahyned6@toplist.cz
476,Ulrike,Keunemann,ukeunemannd7@google.co.jp,476,$7572.21,595-626-0530,ukeunemannd7@harvard.edu
477,Patrizius,Kirkam,pkirkamd8@dailymotion.com,477,$4280.12,567-572-1386,pkirkamd8@github.com
478,Sophia,Dix,sdixd9@foxnews.com,478,$8011.02,356-515-7243,sdixd9@hostgator.com
479,Nicolea,Vials,nvialsda@discuz.net,479,$7777.77,874-787-7504,nvialsda@ebay.co.uk
480,Kalvin,Fairbanks,kfairbanksdb@house.gov,480,$5915.69,380-702-5677,kfairbanksdb@ow.ly
481,Homerus,MacWhan,hmacwhandc@mozilla.com,481,$5520.91,841-508-4652,hmacwhandc@yahoo.co.jp
482,Fayre,Hanfrey,fhanfreydd@vistaprint.com,482,$4813.03,487-871-8759,fhanfreydd@home.pl
483,Lonnie,Danks,ldanksde@pbs.org,483,$9264.02,977-133-6755,ldanksde@xrea.com
484,Ashlie,Vigors,avigorsdf@dedecms.com,484,$6839.23,966-424-6334,avigorsdf@delicious.com
485,Christian,O'Hear,coheardg@businessinsider.com,485,$3806.20,628-230-7640,coheardg@bbb.org
486,Obediah,Braidford,obraidforddh@walmart.com,486,$6958.44,909-755-9948,obraidforddh@storify.com
487,Clea,Flye,cflyedi@godaddy.com,487,$6945.89,816-151-0149,cflyedi@ezinearticles.com
488,Rozalie,Beininck,rbeininckdj@about.me,488,$8027.68,352-571-4661,rbeininckdj@privacy.gov.au
489,Constantina,Eschalotte,ceschalottedk@latimes.com,489,$4844.06,470-666-2774,ceschalottedk@webnode.com
490,Giuditta,Lehr,glehrdl@mail.ru,490,$5751.01,409-709-0048,glehrdl@infoseek.co.jp
491,Arnaldo,Gheorghescu,agheorghescudm@homestead.com,491,$3640.37,319-920-2542,agheorghescudm@diigo.com
492,Regen,Arnopp,rarnoppdn@tamu.edu,492,$4423.94,433-209-5796,rarnoppdn@feedburner.com
493,Mureil,Soigne,msoignedo@moonfruit.com,493,$8208.13,655-296-3999,msoignedo@a8.net
494,Hestia,Bagley,hbagleydp@cdc.gov,494,$8112.50,534-874-2957,hbagleydp@opera.com
495,Sayre,Greber,sgreberdq@studiopress.com,495,$4068.39,841-113-0225,sgreberdq@sogou.com
496,Selestina,Siebert,ssiebertdr@wiley.com,496,$3646.13,620-620-5160,ssiebertdr@creativecommons.org
497,Fran,Reyson,freysonds@state.gov,497,$4196.82,751-290-5660,freysonds@drupal.org
498,Anjanette,Enion,aeniondt@yolasite.com,498,$8687.99,337-883-4842,aeniondt@mediafire.com
499,Hermie,Tegler,hteglerdu@myspace.com,499,$3891.49,459-539-7427,hteglerdu@cloudflare.com
500,Casper,Philott,cphilottdv@blog.com,500,$7864.21,802-682-8153,cphilottdv@sbwire.com
501,Yorgos,Moulden,ymouldendw@1und1.de,501,$9118.85,151-222-5531,ymouldendw@de.vu
502,Craggie,Gegg,cgeggdx@canalblog.com,502,$8798.09,817-263-9771,cgeggdx@tinypic.com
503,Rebekkah,Manketell,rmanketelldy@blinklist.com,503,$7556.06,832-623-3449,rmanketelldy@w3.org
504,Idaline,Kenefick,ikenefickdz@bing.com,504,$10520.18,243-836-9998,ikenefickdz@home.pl
505,Kiah,Willgrass,kwillgrasse0@goo.gl,505,$7854.89,814-423-9250,kwillgrasse0@csmonitor.com
506,Jesse,Halleybone,jhalleybonee1@comcast.net,506,$5832.98,798-899-5673,jhalleybonee1@1688.com
507,Aurlie,Mylan,amylane2@telegraph.co.uk,507,$10549.25,633-591-9628,amylane2@friendfeed.com
508,Yoshi,Lytell,ylytelle3@umich.edu,508,$10178.37,696-900-1093,ylytelle3@tamu.edu
509,Marlin,Northrop,mnorthrope4@archive.org,509,$3762.57,713-662-2165,mnorthrope4@meetup.com
510,Therese,Lunam,tluname5@sourceforge.net,510,$8156.41,806-208-9312,tluname5@archive.org
511,Erena,Ottewill,eottewille6@topsy.com,511,$8737.72,963-394-5955,eottewille6@hao123.com
512,Kerby,Lyndon,klyndone7@mapy.cz,512,$4204.81,736-953-1795,klyndone7@shutterfly.com
513,Arda,Brugh,abrughe8@reference.com,513,$8933.94,358-856-5993,abrughe8@ucoz.com
514,Zarah,Drohan,zdrohane9@nyu.edu,514,$7636.35,644-761-9454,zdrohane9@desdev.cn
515,Geoffry,Puttrell,gputtrellea@ehow.com,515,$10327.50,491-572-7594,gputtrellea@bloomberg.com
516,Gal,Errigo,gerrigoeb@go.com,516,$4301.41,716-831-2067,gerrigoeb@prlog.org
517,Anna-maria,Hebborne,ahebborneec@unesco.org,517,$6600.26,550-499-3960,ahebborneec@fc2.com
518,Daryle,Counihan,dcounihaned@businessinsider.com,518,$6257.31,208-421-1560,dcounihaned@furl.net
519,Kore,Doddemeade,kdoddemeadeee@craigslist.org,519,$3269.00,565-725-1849,kdoddemeadeee@cornell.edu
520,Miranda,Devey,mdeveyef@java.com,520,$4871.79,372-488-7098,mdeveyef@pinterest.com
521,Sherman,McBeth,smcbetheg@opera.com,521,$5027.79,880-940-0790,smcbetheg@vimeo.com
522,Pen,Ogle,pogleeh@ebay.co.uk,522,$10609.45,262-456-6399,pogleeh@ow.ly
523,Charline,Moon,cmoonei@vkontakte.ru,523,$8467.63,267-754-0953,cmoonei@shop-pro.jp
524,Leupold,Fynes,lfynesej@wikipedia.org,524,$4358.50,765-727-5499,lfynesej@people.com.cn
525,Lynnelle,Jeandot,ljeandotek@naver.com,525,$6385.46,466-368-1157,ljeandotek@acquirethisname.com
526,Aloysius,Organer,aorganerel@noaa.gov,526,$3093.50,572-577-8039,aorganerel@apple.com
527,Dynah,Maunder,dmaunderem@sciencedirect.com,527,$10739.70,687-389-1015,dmaunderem@bloglines.com
528,Edmon,Long,elongen@java.com,528,$7449.26,799-951-4951,elongen@uol.com.br
529,Tatiana,Wardlow,twardloweo@rambler.ru,529,$7785.00,549-643-1887,twardloweo@washington.edu
530,Kalindi,Bozward,kbozwardep@lycos.com,530,$6556.90,609-611-6703,kbozwardep@timesonline.co.uk
531,Levy,Snassell,lsnasselleq@storify.com,531,$3163.28,373-498-9952,lsnasselleq@answers.com
532,Winonah,Winterbottom,wwinterbottomer@hc360.com,532,$7455.16,905-170-0253,wwinterbottomer@usa.gov
533,Nick,Houseman,nhousemanes@telegraph.co.uk,533,$4222.79,222-822-6975,nhousemanes@ifeng.com
534,Kristyn,Alison,kalisonet@desdev.cn,534,$3148.20,115-960-7752,kalisonet@dagondesign.com
535,Murry,Billie,mbillieeu@cdc.gov,535,$7797.44,111-162-8068,mbillieeu@cnn.com
536,Verna,de la Tremoille,vdelatremoilleev@friendfeed.com,536,$7901.49,992-270-9509,vdelatremoilleev@ow.ly
537,Harp,Ticic,hticicew@delicious.com,537,$8874.74,470-505-5019,hticicew@spiegel.de
538,Barbee,Glanfield,bglanfieldex@g.co,538,$9767.09,628-844-3834,bglanfieldex@blogspot.com
539,Humphrey,Allcoat,hallcoatey@hc360.com,539,$4062.47,450-392-5203,hallcoatey@nasa.gov
540,Mathias,Catlin,mcatlinez@hibu.com,540,$5358.06,309-310-5856,mcatlinez@feedburner.com
541,Bryce,M'Quharge,bmquhargef0@ovh.net,541,$8380.21,354-182-4846,bmquhargef0@dyndns.org
542,Roseanne,Snedker,rsnedkerf1@google.de,542,$9117.76,149-898-8696,rsnedkerf1@twitpic.com
543,Carroll,Fraschini,cfraschinif2@irs.gov,543,$7020.03,552-117-9365,cfraschinif2@springer.com
544,Trudi,Twinbrow,ttwinbrowf3@hubpages.com,544,$8511.46,210-310-1320,ttwinbrowf3@shop-pro.jp
545,Allys,Ucceli,auccelif4@hexun.com,545,$7726.93,549-526-7813,auccelif4@baidu.com
546,Jacquette,Doreward,jdorewardf5@earthlink.net,546,$6751.20,775-904-1658,jdorewardf5@examiner.com
547,Maximilianus,Donavan,mdonavanf6@mapy.cz,547,$7813.02,296-672-6861,mdonavanf6@vk.com
548,Bernadina,Sugar,bsugarf7@sogou.com,548,$10863.46,886-676-3760,bsugarf7@indiegogo.com
549,Corabelle,Trigwell,ctrigwellf8@ucsd.edu,549,$8663.84,994-452-3703,ctrigwellf8@alibaba.com
550,Lacey,Biss,lbissf9@elegantthemes.com,550,$4132.90,788-382-3389,lbissf9@php.net
551,Marji,Lantry,mlantryfa@harvard.edu,551,$5020.34,977-577-8509,mlantryfa@alibaba.com
552,Emlyn,Morillas,emorillasfb@list-manage.com,552,$3516.49,853-100-5984,emorillasfb@answers.com
553,Carr,Harkins,charkinsfc@bbc.co.uk,553,$9629.83,612-515-0831,charkinsfc@house.gov
554,Hubert,Bridgement,hbridgementfd@shareasale.com,554,$6866.56,407-777-3170,hbridgementfd@1688.com
555,Rodge,Seamons,rseamonsfe@oracle.com,555,$4226.44,457-820-8164,rseamonsfe@rakuten.co.jp
556,Sebastian,Swindlehurst,sswindlehurstff@archive.org,556,$9771.44,663-741-5146,sswindlehurstff@goodreads.com
557,Mavis,Chesney,mchesneyfg@altervista.org,557,$10727.88,449-181-8131,mchesneyfg@phpbb.com
558,Hendrik,Shann,hshannfh@photobucket.com,558,$7420.56,513-113-3072,hshannfh@discovery.com
559,Peder,Haacker,phaackerfi@google.de,559,$4603.96,987-526-3333,phaackerfi@slashdot.org
560,Berget,Pappin,bpappinfj@symantec.com,560,$7735.74,137-723-1213,bpappinfj@reverbnation.com
561,August,Carles,acarlesfk@un.org,561,$4087.94,770-473-0327,acarlesfk@friendfeed.com
562,Bonita,McCleverty,bmcclevertyfl@harvard.edu,562,$3532.10,462-561-0373,bmcclevertyfl@yellowbook.com
563,Margarethe,Dentith,mdentithfm@phoca.cz,563,$3022.95,583-138-3489,mdentithfm@sphinn.com
564,Ealasaid,Denisyuk,edenisyukfn@amazon.com,564,$9337.67,944-949-5441,edenisyukfn@ted.com
565,Ruy,Stachini,rstachinifo@apple.com,565,$9631.46,658-743-7193,rstachinifo@ftc.gov
566,Sharia,Wilber,swilberfp@unicef.org,566,$10445.37,759-103-9115,swilberfp@ihg.com
567,Holmes,Raper,hraperfq@posterous.com,567,$5349.42,118-351-6616,hraperfq@ocn.ne.jp
568,Oliver,Hamm,ohammfr@hibu.com,568,$8790.58,705-198-5646,ohammfr@webeden.co.uk
569,Glen,Pendered,gpenderedfs@cdbaby.com,569,$8632.41,505-515-5836,gpenderedfs@cpanel.net
570,Aimee,Gatcliff,agatcliffft@netlog.com,570,$10274.88,304-366-1128,agatcliffft@mapy.cz
571,Dwayne,Pottiphar,dpottipharfu@unc.edu,571,$10541.75,106-793-1073,dpottipharfu@census.gov
572,Valera,D'Acth,vdacthfv@tripod.com,572,$3545.99,546-203-2593,vdacthfv@slideshare.net
573,Addy,Duff,adufffw@hao123.com,573,$7191.33,800-478-4755,adufffw@multiply.com
574,Carine,Parlour,cparlourfx@wisc.edu,574,$9321.23,189-824-0385,cparlourfx@wp.com
575,Bartolemo,Booth-Jarvis,bboothjarvisfy@blogspot.com,575,$4593.12,891-387-0601,bboothjarvisfy@sakura.ne.jp
576,Miguela,Joblin,mjoblinfz@yahoo.co.jp,576,$4809.22,105-480-5312,mjoblinfz@acquirethisname.com
577,Tanya,Sugge,tsuggeg0@fotki.com,577,$10848.93,576-171-1580,tsuggeg0@senate.gov
578,Jacenta,Inchboard,jinchboardg1@taobao.com,578,$6989.38,265-482-2520,jinchboardg1@deviantart.com
579,Sonni,Jelf,sjelfg2@so-net.ne.jp,579,$8653.23,714-528-2802,sjelfg2@cnn.com
580,Betsey,McGuinley,bmcguinleyg3@drupal.org,580,$6444.74,338-675-4148,bmcguinleyg3@imgur.com
581,Bathsheba,Gelly,bgellyg4@fda.gov,581,$8422.85,833-174-5029,bgellyg4@smh.com.au
582,Ruthy,Plumer,rplumerg5@wikimedia.org,582,$8377.84,916-790-8452,rplumerg5@unesco.org
583,Robina,Galsworthy,rgalsworthyg6@simplemachines.org,583,$6270.90,685-111-9345,rgalsworthyg6@miibeian.gov.cn
584,Earl,Gilfoyle,egilfoyleg7@macromedia.com,584,$10724.47,634-869-9930,egilfoyleg7@tripadvisor.com
585,Basilius,Scouse,bscouseg8@nature.com,585,$6220.42,128-270-5702,bscouseg8@japanpost.jp
586,Arlee,Bereford,aberefordg9@si.edu,586,$6927.81,477-571-5557,aberefordg9@prweb.com
587,Wilton,Blight,wblightga@xing.com,587,$8163.38,416-522-8029,wblightga@java.com
588,Tova,Kinchlea,tkinchleagb@a8.net,588,$4827.93,874-443-5080,tkinchleagb@technorati.com
589,Sibyl,Pepineaux,spepineauxgc@squarespace.com,589,$9780.62,811-137-6416,spepineauxgc@opensource.org
590,Neilla,Tenney,ntenneygd@mediafire.com,590,$9218.04,466-406-7084,ntenneygd@lycos.com
591,Desiree,Redford,dredfordge@timesonline.co.uk,591,$10962.09,535-317-6951,dredfordge@discuz.net
592,Welsh,Pickrill,wpickrillgf@prlog.org,592,$7273.91,550-298-5327,wpickrillgf@bandcamp.com
593,Florry,McCrossan,fmccrossangg@nba.com,593,$10088.18,756-997-7849,fmccrossangg@yahoo.com
594,Lyndel,Frankcombe,lfrankcombegh@e-recht24.de,594,$3928.91,934-950-4927,lfrankcombegh@photobucket.com
595,Lyssa,Baggarley,lbaggarleygi@naver.com,595,$8646.79,160-488-6021,lbaggarleygi@vk.com
596,Valentino,Gaiter,vgaitergj@hhs.gov,596,$3141.12,624-746-2621,vgaitergj@cmu.edu
597,Heriberto,Ors,horsgk@hibu.com,597,$6331.49,262-113-6992,horsgk@cbsnews.com
598,Brett,Adamovsky,badamovskygl@nifty.com,598,$8615.04,972-548-1816,badamovskygl@dell.com
599,Mame,Moule,mmoulegm@purevolume.com,599,$5063.52,716-150-0701,mmoulegm@merriam-webster.com
600,Benjie,Stores,bstoresgn@bloglines.com,600,$10311.36,416-365-7182,bstoresgn@google.ru
601,Doralyn,Lumsden,dlumsdengo@unesco.org,601,$6485.18,145-765-6027,dlumsdengo@angelfire.com
602,Leslie,Evamy,levamygp@reuters.com,602,$5204.50,705-724-5671,levamygp@google.ru
603,Feliza,Peiro,fpeirogq@simplemachines.org,603,$7180.78,466-935-8316,fpeirogq@e-recht24.de
604,Clemente,Erni,cernigr@japanpost.jp,604,$5378.51,899-424-4799,cernigr@geocities.jp
605,Aldric,Okey,aokeygs@wp.com,605,$10292.04,274-523-6772,aokeygs@last.fm
606,Delano,Harrill,dharrillgt@g.co,606,$3973.89,989-607-7954,dharrillgt@pcworld.com
607,Callida,Benneyworth,cbenneyworthgu@dmoz.org,607,$8081.16,307-269-1261,cbenneyworthgu@jalbum.net
608,Lonnie,Pirdue,lpirduegv@rambler.ru,608,$9035.31,406-519-4377,lpirduegv@tripadvisor.com
609,Gavin,Jeffrey,gjeffreygw@google.com.au,609,$10053.38,809-651-3396,gjeffreygw@hugedomains.com
610,Ardra,Mahedy,amahedygx@scientificamerican.com,610,$3405.10,628-990-0593,amahedygx@independent.co.uk
611,Shina,Gietz,sgietzgy@ft.com,611,$7967.83,796-693-2996,sgietzgy@nifty.com
612,Timothea,Esseby,tessebygz@eepurl.com,612,$9832.09,526-448-7860,tessebygz@naver.com
613,Miller,Ximenez,mximenezh0@163.com,613,$10466.05,315-402-5625,mximenezh0@over-blog.com
614,Creigh,Stritton,cstrittonh1@sina.com.cn,614,$10490.78,896-833-3001,cstrittonh1@shutterfly.com
615,Hobart,Ollerhead,hollerheadh2@weebly.com,615,$3736.11,976-366-0304,hollerheadh2@wikipedia.org
616,Betteann,Mathelin,bmathelinh3@webeden.co.uk,616,$5563.93,834-107-9366,bmathelinh3@free.fr
617,Don,Flippini,dflippinih4@cisco.com,617,$5435.10,665-954-9508,dflippinih4@ihg.com
618,Bill,Tregust,btregusth5@fotki.com,618,$9515.62,314-640-0463,btregusth5@nifty.com
619,Brandea,Pipping,bpippingh6@nih.gov,619,$10856.42,590-468-0803,bpippingh6@psu.edu
620,Tildie,Gibby,tgibbyh7@amazon.co.uk,620,$7024.79,444-576-2744,tgibbyh7@tuttocitta.it
621,Tildie,Revel,trevelh8@cpanel.net,621,$6206.68,648-309-0644,trevelh8@cmu.edu
622,Duff,Oddboy,doddboyh9@freewebs.com,622,$6920.46,846-802-8340,doddboyh9@bravesites.com
623,Bertine,Adenet,badenetha@walmart.com,623,$10556.44,736-868-0233,badenetha@nps.gov
624,Mart,Keene,mkeenehb@histats.com,624,$6738.66,695-407-6085,mkeenehb@xing.com
625,Hildy,Lampitt,hlampitthc@newyorker.com,625,$6696.95,488-637-8592,hlampitthc@nhs.uk
626,Tybi,Reskelly,treskellyhd@bing.com,626,$8205.63,578-255-8413,treskellyhd@hatena.ne.jp
627,Ashlen,Rowbury,arowburyhe@un.org,627,$3907.69,221-287-6605,arowburyhe@blog.com
628,Jenna,Teale,jtealehf@etsy.com,628,$4840.06,141-579-9818,jtealehf@theatlantic.com
629,Fons,Need,fneedhg@shop-pro.jp,629,$5235.42,167-792-8278,fneedhg@virginia.edu
630,Conni,Nelmes,cnelmeshh@imdb.com,630,$3977.90,348-731-9413,cnelmeshh@cbc.ca
631,Monroe,Spurdens,mspurdenshi@newyorker.com,631,$7355.93,304-797-9830,mspurdenshi@imgur.com
632,Theressa,Bartel,tbartelhj@china.com.cn,632,$9917.00,829-726-3482,tbartelhj@jimdo.com
633,Annemarie,Munton,amuntonhk@yandex.ru,633,$9004.73,140-839-0970,amuntonhk@home.pl
634,Betsey,Crayk,bcraykhl@slashdot.org,634,$7398.38,169-516-7362,bcraykhl@time.com
635,Guido,Gipson,ggipsonhm@sourceforge.net,635,$10576.21,249-942-7177,ggipsonhm@nbcnews.com
636,Genny,Applin,gapplinhn@etsy.com,636,$10629.14,180-284-9698,gapplinhn@webmd.com
637,Neile,Dimblebee,ndimblebeeho@blinklist.com,637,$5411.61,991-106-6417,ndimblebeeho@i2i.jp
638,Tabbitha,Grice,tgricehp@weibo.com,638,$4708.82,506-197-5155,tgricehp@surveymonkey.com
639,Jana,Thyer,jthyerhq@artisteer.com,639,$5215.44,822-282-6183,jthyerhq@webs.com
640,Bruis,De Vaan,bdevaanhr@bizjournals.com,640,$3145.38,357-880-8384,bdevaanhr@google.com.br
641,Blithe,Tenant,btenanths@amazonaws.com,641,$10864.37,886-629-6007,btenanths@businessinsider.com
642,Shaun,Christoffersen,schristoffersenht@desdev.cn,642,$4906.60,436-677-2040,schristoffersenht@addthis.com
643,Athene,Snodden,asnoddenhu@nifty.com,643,$4866.47,916-886-5858,asnoddenhu@mlb.com
644,Fitzgerald,Lightbourn,flightbournhv@nytimes.com,644,$6999.01,247-935-9865,flightbournhv@comcast.net
645,Nevsa,Taylot,ntaylothw@ibm.com,645,$6746.53,666-334-9578,ntaylothw@smugmug.com
646,Inigo,Haydn,ihaydnhx@rakuten.co.jp,646,$6989.84,726-746-7534,ihaydnhx@businessweek.com
647,Gui,Shepton,gsheptonhy@who.int,647,$6179.39,250-329-9382,gsheptonhy@tinypic.com
648,Talya,Bergeau,tbergeauhz@usa.gov,648,$7034.48,824-355-5071,tbergeauhz@ebay.co.uk
649,Guilbert,Klimov,gklimovi0@dot.gov,649,$6202.54,763-570-4056,gklimovi0@taobao.com
650,Syd,Bradder,sbradderi1@phpbb.com,650,$8620.33,914-343-5555,sbradderi1@soundcloud.com
651,Dane,Westrope,dwestropei2@fotki.com,651,$10095.12,859-699-9765,dwestropei2@ebay.co.uk
652,Amie,Crank,acranki3@va.gov,652,$5714.32,594-635-9103,acranki3@webeden.co.uk
653,Gusella,Floyd,gfloydi4@jiathis.com,653,$5014.52,956-200-8207,gfloydi4@nasa.gov
654,Licha,Wisden,lwisdeni5@technorati.com,654,$9096.18,747-608-5780,lwisdeni5@globo.com
655,Nessie,Lukins,nlukinsi6@bluehost.com,655,$7781.71,150-345-5232,nlukinsi6@bloomberg.com
656,Minna,Nevill,mnevilli7@tamu.edu,656,$3850.94,700-611-0916,mnevilli7@foxnews.com
657,Pearline,Yepiskov,pyepiskovi8@canalblog.com,657,$9305.08,486-638-9243,pyepiskovi8@pbs.org
658,Mathilde,Welbourn,mwelbourni9@nytimes.com,658,$9577.80,471-380-0876,mwelbourni9@gravatar.com
659,Dolores,Hallitt,dhallittia@nydailynews.com,659,$9690.36,690-382-9278,dhallittia@google.nl
660,Willy,Mulrean,wmulreanib@china.com.cn,660,$9502.58,775-915-7123,wmulreanib@csmonitor.com
661,Hakeem,Falloon,hfalloonic@marriott.com,661,$7965.24,487-988-2818,hfalloonic@purevolume.com
662,Modesty,Giffin,mgiffinid@howstuffworks.com,662,$3529.32,216-581-9258,mgiffinid@nba.com
663,Sunny,Grigorkin,sgrigorkinie@wisc.edu,663,$4678.71,829-294-6217,sgrigorkinie@issuu.com
664,Willow,Fishleigh,wfishleighif@nyu.edu,664,$9624.21,134-386-2938,wfishleighif@si.edu
665,Micheil,Hackett,mhackettig@army.mil,665,$5514.80,339-399-9746,mhackettig@usda.gov
666,Elmore,Kubacki,ekubackiih@eventbrite.com,666,$9590.37,733-600-3880,ekubackiih@princeton.edu
667,Marianne,Massy,mmassyii@patch.com,667,$4779.64,338-639-5097,mmassyii@techcrunch.com
668,Kenyon,Duckhouse,kduckhouseij@hexun.com,668,$9705.46,391-974-6990,kduckhouseij@springer.com
669,Rodolphe,Foad,rfoadik@google.com.au,669,$8129.82,985-855-6997,rfoadik@unc.edu
670,Aldus,Haire,ahaireil@blogger.com,670,$8244.48,890-598-3203,ahaireil@shutterfly.com
671,Denna,Munby,dmunbyim@blogtalkradio.com,671,$9106.62,657-251-0605,dmunbyim@webmd.com
672,Putnem,Charlick,pcharlickin@ucsd.edu,672,$4868.82,519-155-0854,pcharlickin@mayoclinic.com
673,Blayne,Baelde,bbaeldeio@odnoklassniki.ru,673,$6718.41,656-581-7151,bbaeldeio@marriott.com
674,Ursola,Wasbrough,uwasbroughip@zimbio.com,674,$10820.74,396-248-3403,uwasbroughip@ca.gov
675,Eveleen,Broose,ebrooseiq@nhs.uk,675,$3643.10,805-495-0303,ebrooseiq@liveinternet.ru
676,Lilias,Edginton,ledgintonir@cnbc.com,676,$6792.74,426-841-5922,ledgintonir@ca.gov
677,Lil,Ajam,lajamis@dropbox.com,677,$4574.10,937-259-9214,lajamis@blogtalkradio.com
678,Claire,Kleynermans,ckleynermansit@mediafire.com,678,$4172.81,473-931-3500,ckleynermansit@ted.com
679,Jillane,Chessel,jchesseliu@addthis.com,679,$6262.33,747-776-8792,jchesseliu@illinois.edu
680,Mozelle,St Pierre,mstpierreiv@4shared.com,680,$5968.42,161-433-3226,mstpierreiv@unblog.fr
681,Trace,Regler,tregleriw@hhs.gov,681,$5861.81,460-943-3103,tregleriw@livejournal.com
682,Napoleon,Stearn,nstearnix@google.nl,682,$8633.53,960-347-9503,nstearnix@arizona.edu
683,Edee,Chrispin,echrispiniy@wunderground.com,683,$6385.68,115-461-0254,echrispiniy@infoseek.co.jp
684,Kilian,Shannon,kshannoniz@instagram.com,684,$5511.11,812-308-4124,kshannoniz@feedburner.com
685,Darleen,Jeavons,djeavonsj0@theguardian.com,685,$7667.43,672-290-9337,djeavonsj0@4shared.com
686,Rasla,McCurrie,rmccurriej1@slashdot.org,686,$8953.48,230-414-9832,rmccurriej1@nps.gov
687,Iago,Bowness,ibownessj2@sina.com.cn,687,$9133.58,200-631-0871,ibownessj2@hc360.com
688,Amalee,Eldon,aeldonj3@cbslocal.com,688,$4224.18,943-265-2755,aeldonj3@comsenz.com
689,Boyce,Ehrat,behratj4@engadget.com,689,$5827.82,392-828-6591,behratj4@theguardian.com
690,Enid,Gun,egunj5@netlog.com,690,$9475.35,889-940-4087,egunj5@businessinsider.com
691,Ginger,Quincey,gquinceyj6@eepurl.com,691,$6670.18,594-532-4174,gquinceyj6@alibaba.com
692,Salvador,Perrot,sperrotj7@myspace.com,692,$10410.96,315-424-1688,sperrotj7@ycombinator.com
693,Catlin,Drake,cdrakej8@alibaba.com,693,$5645.30,998-384-1414,cdrakej8@newsvine.com
694,Friedrick,Mollnar,fmollnarj9@cargocollective.com,694,$9783.18,127-707-1901,fmollnarj9@discuz.net
695,Querida,Wilcock,qwilcockja@ed.gov,695,$7723.92,607-368-4470,qwilcockja@ameblo.jp
696,Ulises,Jelf,ujelfjb@google.pl,696,$5939.35,935-667-5742,ujelfjb@unesco.org
697,Leigh,Coleborn,lcolebornjc@mtv.com,697,$4688.11,710-438-1359,lcolebornjc@dell.com
698,Loretta,Mannakee,lmannakeejd@hugedomains.com,698,$3351.05,587-515-0326,lmannakeejd@163.com
699,Natal,Humbert,nhumbertje@woothemes.com,699,$10376.84,548-649-8150,nhumbertje@biglobe.ne.jp
700,Keven,Hukin,khukinjf@jigsy.com,700,$7959.08,892-116-4801,khukinjf@chicagotribune.com
701,Dexter,Pead,dpeadjg@acquirethisname.com,701,$4100.71,716-431-0987,dpeadjg@geocities.jp
702,Florri,Jahnke,fjahnkejh@weebly.com,702,$7916.66,688-640-7656,fjahnkejh@tamu.edu
703,Joshuah,Gofford,jgoffordji@elegantthemes.com,703,$3736.24,778-571-2745,jgoffordji@parallels.com
704,Micky,Bathersby,mbathersbyjj@vkontakte.ru,704,$8214.91,788-313-2656,mbathersbyjj@unesco.org
705,Al,Gehringer,agehringerjk@exblog.jp,705,$9379.49,861-954-0770,agehringerjk@sohu.com
706,Dacy,Trahair,dtrahairjl@opensource.org,706,$5819.58,676-509-9327,dtrahairjl@bbb.org
707,Devinne,Mulvenna,dmulvennajm@deliciousdays.com,707,$7593.51,509-214-2235,dmulvennajm@moonfruit.com
708,Jayne,Trevithick,jtrevithickjn@google.co.uk,708,$7555.93,103-434-2705,jtrevithickjn@e-recht24.de
709,Cacilia,Rosoman,crosomanjo@census.gov,709,$8331.42,717-218-6174,crosomanjo@elegantthemes.com
710,Yehudi,Penvarden,ypenvardenjp@blinklist.com,710,$8978.92,770-654-5932,ypenvardenjp@blogtalkradio.com
711,Bell,Cantos,bcantosjq@hatena.ne.jp,711,$6339.75,624-285-2004,bcantosjq@odnoklassniki.ru
712,Nannette,Branston,nbranstonjr@soundcloud.com,712,$6000.97,212-639-6693,nbranstonjr@un.org
713,Elyn,Dolbey,edolbeyjs@blogtalkradio.com,713,$3086.89,365-414-3942,edolbeyjs@netlog.com
714,Samara,Marini,smarinijt@noaa.gov,714,$5787.67,966-715-4156,smarinijt@51.la
715,Briana,Mazdon,bmazdonju@pinterest.com,715,$8179.64,921-190-4851,bmazdonju@example.com
716,Retha,Renol,rrenoljv@dell.com,716,$6828.68,254-163-1823,rrenoljv@purevolume.com
717,Madison,Rodenburgh,mrodenburghjw@fda.gov,717,$10378.22,772-660-3976,mrodenburghjw@creativecommons.org
718,Linus,Duesbury,lduesburyjx@goodreads.com,718,$6660.68,386-849-6599,lduesburyjx@booking.com
719,Valentijn,Kays,vkaysjy@sciencedaily.com,719,$9860.74,105-783-7941,vkaysjy@newyorker.com
720,Bayard,Crocumbe,bcrocumbejz@illinois.edu,720,$5417.92,712-910-0973,bcrocumbejz@canalblog.com
721,Albie,Cardall,acardallk0@usnews.com,721,$7770.62,182-902-2472,acardallk0@earthlink.net
722,Mata,Westlake,mwestlakek1@utexas.edu,722,$7601.38,129-671-8959,mwestlakek1@123-reg.co.uk
723,Valenka,Utridge,vutridgek2@hp.com,723,$7165.64,310-592-4286,vutridgek2@wikipedia.org
724,Shena,Budgeon,sbudgeonk3@ezinearticles.com,724,$10650.76,488-613-4212,sbudgeonk3@cdbaby.com
725,Arleyne,Greeveson,agreevesonk4@va.gov,725,$5865.26,108-772-2852,agreevesonk4@seesaa.net
726,Milty,Simoni,msimonik5@narod.ru,726,$9187.19,238-213-5602,msimonik5@so-net.ne.jp
727,Lynett,Shurmore,lshurmorek6@aboutads.info,727,$6570.03,353-613-4888,lshurmorek6@fastcompany.com
728,Cammi,Feldon,cfeldonk7@technorati.com,728,$10479.62,234-316-9427,cfeldonk7@unblog.fr
729,Hinze,Lambdin,hlambdink8@npr.org,729,$7555.10,320-162-2114,hlambdink8@wunderground.com
730,Amalita,Guarin,aguarink9@parallels.com,730,$10439.13,191-423-4320,aguarink9@topsy.com
731,Melody,Raff,mraffka@mashable.com,731,$3816.41,701-365-1585,mraffka@etsy.com
732,Eugene,Deaton,edeatonkb@economist.com,732,$10075.31,496-668-1801,edeatonkb@aol.com
733,Guendolen,Dinsale,gdinsalekc@answers.com,733,$4845.34,184-844-8118,gdinsalekc@drupal.org
734,Lion,Van Brug,lvanbrugkd@hp.com,734,$3240.10,135-243-2101,lvanbrugkd@yolasite.com
735,Tawnya,Cussins,tcussinske@businesswire.com,735,$10285.63,816-173-7751,tcussinske@narod.ru
736,Kylynn,Choudhury,kchoudhurykf@smh.com.au,736,$4433.58,654-842-0490,kchoudhurykf@xing.com
737,Dorie,Tebbs,dtebbskg@ocn.ne.jp,737,$6857.94,118-809-0852,dtebbskg@goo.ne.jp
738,Johnathan,Prangle,jpranglekh@wsj.com,738,$6449.13,400-426-9929,jpranglekh@spotify.com
739,Lori,Rassmann,lrassmannki@4shared.com,739,$7622.47,598-421-8258,lrassmannki@buzzfeed.com
740,Hendrik,O'Sirin,hosirinkj@tripod.com,740,$9155.79,718-164-9565,hosirinkj@studiopress.com
741,Janean,Ord,jordkk@arstechnica.com,741,$6669.38,466-843-3563,jordkk@vistaprint.com
742,Langsdon,Kewish,lkewishkl@mysql.com,742,$6227.32,659-161-2225,lkewishkl@businessinsider.com
743,Winnifred,Lassetter,wlassetterkm@cyberchimps.com,743,$4045.35,946-886-6168,wlassetterkm@reference.com
744,Waldemar,Ingerfield,wingerfieldkn@sohu.com,744,$4007.75,717-734-8570,wingerfieldkn@cbslocal.com
745,Janet,MacRorie,jmacrorieko@businessinsider.com,745,$6315.31,552-400-6777,jmacrorieko@smugmug.com
746,Wilow,Motion,wmotionkp@yale.edu,746,$9378.33,288-634-6080,wmotionkp@360.cn
747,Buffy,Mattaser,bmattaserkq@accuweather.com,747,$6555.66,400-159-7836,bmattaserkq@csmonitor.com
748,Prentiss,Ottosen,pottosenkr@t.co,748,$5637.68,884-114-8472,pottosenkr@stanford.edu
749,Joycelin,O Sullivan,josullivanks@cornell.edu,749,$3532.26,445-270-7639,josullivanks@apple.com
750,Alia,Winterton,awintertonkt@google.com.br,750,$6108.35,494-530-9439,awintertonkt@hao123.com
751,Sasha,McAlpine,smcalpineku@livejournal.com,751,$7740.81,325-934-2581,smcalpineku@tinyurl.com
752,Lyndel,Hanway,lhanwaykv@dailymail.co.uk,752,$7723.19,450-340-5924,lhanwaykv@quantcast.com
753,Nathanil,Paskin,npaskinkw@google.fr,753,$8802.13,933-804-9477,npaskinkw@cdbaby.com
754,Freddy,Kinkade,fkinkadekx@123-reg.co.uk,754,$5736.46,907-334-6655,fkinkadekx@csmonitor.com
755,Ritchie,Firman,rfirmanky@ovh.net,755,$3962.94,657-921-0799,rfirmanky@sakura.ne.jp
756,Richie,Bennedick,rbennedickkz@sina.com.cn,756,$8729.84,714-557-2671,rbennedickkz@sfgate.com
757,Reade,Logesdale,rlogesdalel0@archive.org,757,$4447.17,252-935-7850,rlogesdalel0@pen.io
758,Storm,Deeson,sdeesonl1@infoseek.co.jp,758,$5257.17,395-165-5558,sdeesonl1@mit.edu
759,Helsa,Brownsall,hbrownsalll2@europa.eu,759,$10379.45,593-673-0889,hbrownsalll2@independent.co.uk
760,Haywood,Sainsberry,hsainsberryl3@scientificamerican.com,760,$5227.11,142-818-3307,hsainsberryl3@youtu.be
761,Ketty,Ferreiro,kferreirol4@wikia.com,761,$10648.95,915-662-0565,kferreirol4@indiatimes.com
762,Geno,Thews,gthewsl5@nydailynews.com,762,$6663.07,173-404-9914,gthewsl5@state.gov
763,Rosamund,Kleimt,rkleimtl6@zimbio.com,763,$5368.63,655-748-5099,rkleimtl6@huffingtonpost.com
764,Rolando,McClenan,rmcclenanl7@seesaa.net,764,$9168.18,361-176-6450,rmcclenanl7@unicef.org
765,Deina,Bartelli,dbartellil8@storify.com,765,$10542.03,242-982-1433,dbartellil8@xing.com
766,Darsie,Crowter,dcrowterl9@pcworld.com,766,$5516.39,592-257-7943,dcrowterl9@topsy.com
767,Darrin,Kyttor,dkyttorla@un.org,767,$9780.53,598-322-5380,dkyttorla@rediff.com
768,Drucy,Thrush,dthrushlb@wordpress.com,768,$4521.67,662-917-9553,dthrushlb@cbsnews.com
769,Alis,Di Domenico,adidomenicolc@g.co,769,$5438.19,173-942-4464,adidomenicolc@wisc.edu
770,Jeannie,Troker,jtrokerld@topsy.com,770,$7499.91,213-212-3448,jtrokerld@stanford.edu
771,Chrysa,Skippen,cskippenle@google.pl,771,$5912.83,995-583-5142,cskippenle@reuters.com
772,Godfry,Mohamed,gmohamedlf@blog.com,772,$6542.68,173-737-9680,gmohamedlf@tripadvisor.com
773,Celka,Crilley,ccrilleylg@php.net,773,$5663.31,715-267-8247,ccrilleylg@hao123.com
774,Torin,Woonton,twoontonlh@sbwire.com,774,$9421.42,527-834-5411,twoontonlh@topsy.com
775,Dolli,Surman-Wells,dsurmanwellsli@myspace.com,775,$9079.42,907-599-6703,dsurmanwellsli@goo.gl
776,Merci,Edgcombe,medgcombelj@clickbank.net,776,$4564.36,349-406-5510,medgcombelj@360.cn
777,Cherey,Belison,cbelisonlk@discuz.net,777,$10196.63,655-269-2424,cbelisonlk@gravatar.com
778,Amii,Phillip,aphillipll@meetup.com,778,$9475.26,532-847-7632,aphillipll@toplist.cz
779,Wainwright,Czaple,wczaplelm@java.com,779,$4419.95,512-424-4202,wczaplelm@europa.eu
780,Markus,Franzoli,mfranzoliln@stanford.edu,780,$9985.64,993-406-6958,mfranzoliln@dropbox.com
781,Yale,Sextone,ysextonelo@ehow.com,781,$5686.99,810-300-8178,ysextonelo@t.co
782,Maxie,William,mwilliamlp@economist.com,782,$4242.64,517-127-8701,mwilliamlp@blogspot.com
783,Aurelea,Galego,agalegolq@hp.com,783,$4004.94,798-484-0867,agalegolq@newsvine.com
784,Shina,Fitzackerley,sfitzackerleylr@unesco.org,784,$8587.96,649-381-0093,sfitzackerleylr@jalbum.net
785,Hiram,McFadin,hmcfadinls@cnet.com,785,$7906.91,713-694-1220,hmcfadinls@bloglines.com
786,Tedd,McClements,tmcclementslt@soundcloud.com,786,$10428.25,614-875-2104,tmcclementslt@xrea.com
787,Janaye,Thorold,jthoroldlu@paginegialle.it,787,$9551.26,333-564-2858,jthoroldlu@mediafire.com
788,L;urette,Hearnshaw,lhearnshawlv@va.gov,788,$7544.93,161-884-7210,lhearnshawlv@posterous.com
789,Vern,Spere,vsperelw@stumbleupon.com,789,$7180.66,471-899-6254,vsperelw@gmpg.org
790,Ber,Swainger,bswaingerlx@cargocollective.com,790,$10522.23,857-354-0596,bswaingerlx@time.com
791,Creigh,Chavey,cchaveyly@over-blog.com,791,$9392.75,242-916-6256,cchaveyly@ocn.ne.jp
792,Shanda,Stittle,sstittlelz@a8.net,792,$8511.70,855-313-4564,sstittlelz@blogger.com
793,Rori,Dedrick,rdedrickm0@comcast.net,793,$5443.13,774-301-3044,rdedrickm0@twitpic.com
794,Bronny,Cowoppe,bcowoppem1@illinois.edu,794,$8756.31,402-999-0190,bcowoppem1@issuu.com
795,Jdavie,Bissill,jbissillm2@51.la,795,$6751.99,199-274-0794,jbissillm2@jugem.jp
796,Caron,Argontt,cargonttm3@java.com,796,$6969.48,492-912-5551,cargonttm3@mail.ru
797,Brnaby,Farn,bfarnm4@seattletimes.com,797,$5011.89,514-438-7122,bfarnm4@paginegialle.it
798,Elmo,Whistlecroft,ewhistlecroftm5@hatena.ne.jp,798,$6775.25,950-514-8590,ewhistlecroftm5@addthis.com
799,Duffy,Lucien,dlucienm6@intel.com,799,$4081.42,598-866-6382,dlucienm6@princeton.edu
800,Kerwinn,Schutte,kschuttem7@skyrock.com,800,$10039.01,431-621-4215,kschuttem7@is.gd
801,Stillman,Tee,steem8@lycos.com,801,$4563.41,114-521-8335,steem8@adobe.com
802,Winslow,Sammon,wsammonm9@360.cn,802,$4162.16,167-990-8628,wsammonm9@twitpic.com
803,Anson,Bartoszinski,abartoszinskima@t.co,803,$3828.68,196-179-2847,abartoszinskima@yahoo.co.jp
804,Micky,Frazer,mfrazermb@auda.org.au,804,$5648.29,819-485-9657,mfrazermb@cdbaby.com
805,Shelia,Strode,sstrodemc@google.ca,805,$9562.52,240-993-0301,sstrodemc@whitehouse.gov
806,Bea,Gillanders,bgillandersmd@nifty.com,806,$10330.32,117-822-1500,bgillandersmd@skype.com
807,Tracy,Scoggins,tscogginsme@ucoz.ru,807,$8967.52,295-110-0706,tscogginsme@goo.gl
808,Frasier,Vain,fvainmf@house.gov,808,$6652.97,294-114-5587,fvainmf@weather.com
809,Emlen,Philippet,ephilippetmg@deliciousdays.com,809,$9376.92,390-908-8962,ephilippetmg@stumbleupon.com
810,Licha,Sarfati,lsarfatimh@typepad.com,810,$9892.17,271-338-2671,lsarfatimh@comcast.net
811,Ingaborg,Sparrow,isparrowmi@irs.gov,811,$4214.07,102-371-4590,isparrowmi@skype.com
812,Kandace,Ryder,krydermj@clickbank.net,812,$7214.76,994-141-7882,krydermj@topsy.com
813,Gawen,Pleavin,gpleavinmk@amazon.co.uk,813,$8598.00,334-335-5850,gpleavinmk@paypal.com
814,Saxon,Mohring,smohringml@etsy.com,814,$3080.61,881-365-3709,smohringml@google.co.uk
815,Loren,Cisar,lcisarmm@netscape.com,815,$7204.35,831-362-7836,lcisarmm@constantcontact.com
816,Sabine,Polgreen,spolgreenmn@cbslocal.com,816,$10957.57,770-109-3881,spolgreenmn@spotify.com
817,Hobie,Colegate,hcolegatemo@pen.io,817,$9374.14,153-124-2944,hcolegatemo@shop-pro.jp
818,Bob,Chevins,bchevinsmp@uol.com.br,818,$5124.08,241-654-5146,bchevinsmp@trellian.com
819,Carolynn,Gronou,cgronoumq@netvibes.com,819,$6864.82,509-794-8296,cgronoumq@tamu.edu
820,Rosina,MacCaull,rmaccaullmr@delicious.com,820,$10808.04,926-140-9823,rmaccaullmr@wufoo.com
821,Jonis,Angood,jangoodms@hibu.com,821,$9421.72,493-654-0289,jangoodms@last.fm
822,Bert,Cadwell,bcadwellmt@over-blog.com,822,$4224.35,887-928-8634,bcadwellmt@msu.edu
823,Mallory,Duffit,mduffitmu@upenn.edu,823,$9012.80,880-126-6162,mduffitmu@aol.com
824,Germayne,Skippon,gskipponmv@e-recht24.de,824,$4770.54,178-859-5584,gskipponmv@cisco.com
825,Else,d'Escoffier,edescoffiermw@reverbnation.com,825,$5313.88,808-805-1742,edescoffiermw@imdb.com
826,Bartel,Moss,bmossmx@census.gov,826,$3851.12,642-915-2954,bmossmx@admin.ch
827,Lisbeth,Irwin,lirwinmy@wp.com,827,$9975.76,644-270-0105,lirwinmy@scribd.com
828,Idette,Filasov,ifilasovmz@hatena.ne.jp,828,$5474.88,416-244-8434,ifilasovmz@digg.com
829,Rhodia,Darby,rdarbyn0@tmall.com,829,$10704.64,334-152-1587,rdarbyn0@blogs.com
830,Salomon,Hawlgarth,shawlgarthn1@1und1.de,830,$5268.39,125-145-4377,shawlgarthn1@yahoo.co.jp
831,Maxy,Cornewall,mcornewalln2@businesswire.com,831,$6176.51,661-421-4040,mcornewalln2@toplist.cz
832,Pet,Surgison,psurgisonn3@alibaba.com,832,$6703.61,407-300-5024,psurgisonn3@friendfeed.com
833,Chaddie,Wallbrook,cwallbrookn4@symantec.com,833,$4055.37,801-943-9112,cwallbrookn4@icq.com
834,Jaimie,Stockwell,jstockwelln5@people.com.cn,834,$9263.79,321-394-4731,jstockwelln5@myspace.com
835,Maxy,Wadforth,mwadforthn6@dailymail.co.uk,835,$6185.18,452-516-5280,mwadforthn6@baidu.com
836,Amabel,Dignon,adignonn7@nsw.gov.au,836,$6002.15,158-964-6729,adignonn7@nps.gov
837,Donna,Stalley,dstalleyn8@newsvine.com,837,$8882.15,273-806-4525,dstalleyn8@arstechnica.com
838,Goldarina,Verrill,gverrilln9@pcworld.com,838,$5250.42,734-202-4383,gverrilln9@about.me
839,April,Dewis,adewisna@1und1.de,839,$8244.39,201-367-7518,adewisna@facebook.com
840,Boot,Elt,beltnb@dailymail.co.uk,840,$6242.13,353-863-7975,beltnb@bloglovin.com
841,Morton,Mount,mmountnc@abc.net.au,841,$4664.78,319-417-8729,mmountnc@github.com
842,Myra,Scay,mscaynd@yellowbook.com,842,$10579.84,480-870-1925,mscaynd@noaa.gov
843,Giorgio,Roalfe,groalfene@europa.eu,843,$8135.68,765-357-3222,groalfene@mozilla.org
844,Maribelle,Bonnier,mbonniernf@reddit.com,844,$10511.96,958-558-1852,mbonniernf@studiopress.com
845,Rhetta,Westoll,rwestollng@smugmug.com,845,$6983.45,639-349-7182,rwestollng@wisc.edu
846,Hedwig,Langlais,hlanglaisnh@barnesandnoble.com,846,$4378.36,806-840-3566,hlanglaisnh@desdev.cn
847,Rowney,Grammer,rgrammerni@thetimes.co.uk,847,$9036.73,567-806-5428,rgrammerni@slideshare.net
848,Leicester,Daid,ldaidnj@msn.com,848,$4723.04,802-520-1746,ldaidnj@bizjournals.com
849,Norby,Teather,nteathernk@house.gov,849,$5623.93,908-619-3267,nteathernk@google.fr
850,Harrietta,Jancey,hjanceynl@livejournal.com,850,$7482.16,734-420-2742,hjanceynl@edublogs.org
851,Shalom,Mellhuish,smellhuishnm@pen.io,851,$3707.68,164-341-6889,smellhuishnm@51.la
852,Yvor,Eames,yeamesnn@creativecommons.org,852,$8244.74,654-967-3995,yeamesnn@theglobeandmail.com
853,Cathyleen,Batter,cbatterno@nyu.edu,853,$4289.31,335-753-5792,cbatterno@europa.eu
854,Nona,Yegorovnin,nyegorovninnp@tripadvisor.com,854,$6839.32,388-368-7546,nyegorovninnp@accuweather.com
855,Loutitia,Burman,lburmannq@youku.com,855,$9943.83,261-609-1848,lburmannq@salon.com
856,Duane,Jalland,djallandnr@bbb.org,856,$4449.91,442-551-0827,djallandnr@exblog.jp
857,Lani,Dalwood,ldalwoodns@sourceforge.net,857,$7238.33,793-857-9625,ldalwoodns@360.cn
858,Rozalin,Horbart,rhorbartnt@house.gov,858,$7240.24,228-718-7216,rhorbartnt@4shared.com
859,Katrinka,Cullimore,kcullimorenu@house.gov,859,$9279.04,485-447-2070,kcullimorenu@fc2.com
860,Ethe,Penfold,epenfoldnv@netlog.com,860,$3232.65,902-216-8319,epenfoldnv@irs.gov
861,Angelo,Davidovicz,adavidovicznw@seattletimes.com,861,$3735.41,649-464-0679,adavidovicznw@si.edu
862,Kasper,Cowin,kcowinnx@yahoo.com,862,$10421.18,250-468-8833,kcowinnx@eepurl.com
863,Tiphanie,Beine,tbeineny@paypal.com,863,$9961.02,413-987-6607,tbeineny@vimeo.com
864,Jameson,Marzelo,jmarzelonz@ca.gov,864,$3339.10,893-278-8699,jmarzelonz@histats.com
865,Mel,Lawrence,mlawrenceo0@issuu.com,865,$6631.71,628-944-4600,mlawrenceo0@toplist.cz
866,Sasha,Gladdish,sgladdisho1@paginegialle.it,866,$10656.27,317-676-9957,sgladdisho1@printfriendly.com
867,Vanna,Nutt,vnutto2@china.com.cn,867,$4189.47,548-436-9215,vnutto2@com.com
868,Talbot,Surgeoner,tsurgeonero3@npr.org,868,$6313.73,698-281-5161,tsurgeonero3@boston.com
869,Hube,Conkey,hconkeyo4@netscape.com,869,$3106.95,335-432-2081,hconkeyo4@mozilla.com
870,Trudy,Poyner,tpoynero5@google.com,870,$10860.07,934-798-8804,tpoynero5@state.tx.us
871,Kettie,Toffalo,ktoffaloo6@gravatar.com,871,$6236.31,652-958-8200,ktoffaloo6@go.com
872,Tracee,Bracey,tbraceyo7@google.cn,872,$5307.92,163-194-5122,tbraceyo7@storify.com
873,Dionysus,Mellanby,dmellanbyo8@miitbeian.gov.cn,873,$9506.15,325-106-6940,dmellanbyo8@adobe.com
874,Andrei,Pinkard,apinkardo9@123-reg.co.uk,874,$7523.06,651-978-1797,apinkardo9@accuweather.com
875,Woodrow,Davids,wdavidsoa@mit.edu,875,$10751.42,285-763-0244,wdavidsoa@mtv.com
876,Maxy,McKellen,mmckellenob@weebly.com,876,$3859.81,532-285-0779,mmckellenob@howstuffworks.com
877,Torey,Arendt,tarendtoc@pagesperso-orange.fr,877,$10509.61,142-697-6108,tarendtoc@tripadvisor.com
878,Mel,McReath,mmcreathod@angelfire.com,878,$6817.71,394-213-3366,mmcreathod@hao123.com
879,Faye,Blanchette,fblanchetteoe@joomla.org,879,$8148.75,461-398-4959,fblanchetteoe@google.com.br
880,Sheppard,Braidon,sbraidonof@creativecommons.org,880,$9924.00,315-377-3623,sbraidonof@techcrunch.com
881,Rosalynd,Skittles,rskittlesog@posterous.com,881,$8599.55,300-786-1992,rskittlesog@msn.com
882,Happy,McQuaker,hmcquakeroh@marketwatch.com,882,$5318.32,572-364-2808,hmcquakeroh@seesaa.net
883,Gabriel,Goodred,ggoodredoi@ycombinator.com,883,$7161.29,770-706-8996,ggoodredoi@wordpress.org
884,Keene,Tonkinson,ktonkinsonoj@deviantart.com,884,$5094.56,453-721-0828,ktonkinsonoj@thetimes.co.uk
885,Millicent,Cathrall,mcathrallok@weather.com,885,$4297.96,675-214-0685,mcathrallok@symantec.com
886,Seana,Christon,schristonol@cbsnews.com,886,$10415.41,172-826-7582,schristonol@squidoo.com
887,Griswold,Eversfield,geversfieldom@plala.or.jp,887,$5455.88,534-912-9605,geversfieldom@theguardian.com
888,Gill,Leifer,gleiferon@chronoengine.com,888,$8989.15,105-552-2778,gleiferon@vkontakte.ru
889,Christy,Donaldson,cdonaldsonoo@hubpages.com,889,$9988.54,175-744-4858,cdonaldsonoo@livejournal.com
890,Francisca,Oleszkiewicz,foleszkiewiczop@about.me,890,$9084.97,177-385-1020,foleszkiewiczop@soup.io
891,Brose,Reinisch,breinischoq@nytimes.com,891,$6663.68,389-501-2285,breinischoq@ucoz.ru
892,Deirdre,Allkins,dallkinsor@jimdo.com,892,$9935.84,768-112-9410,dallkinsor@tinyurl.com
893,Margalo,Spyer,mspyeros@mit.edu,893,$9431.83,136-193-7956,mspyeros@bandcamp.com
894,Maisey,Wisniewski,mwisniewskiot@tuttocitta.it,894,$9248.42,231-272-3788,mwisniewskiot@php.net
895,Lacie,Quiddinton,lquiddintonou@eventbrite.com,895,$8363.56,578-856-4113,lquiddintonou@dailymotion.com
896,Stewart,Selby,sselbyov@twitter.com,896,$4168.98,513-334-7617,sselbyov@dropbox.com
897,Patsy,Roose,prooseow@wunderground.com,897,$8065.78,559-920-2726,prooseow@furl.net
898,Lisbeth,Motton,lmottonox@cnn.com,898,$8106.72,863-343-1528,lmottonox@wikispaces.com
899,Kerby,Tofanelli,ktofanellioy@hostgator.com,899,$10072.37,635-208-7920,ktofanellioy@patch.com
900,Cloris,Gallifont,cgallifontoz@webs.com,900,$7990.95,191-362-9350,cgallifontoz@linkedin.com
901,Gino,Cossell,gcossellp0@tripod.com,901,$3328.60,768-321-9772,gcossellp0@va.gov
902,Kelwin,Slavin,kslavinp1@ucla.edu,902,$10167.11,864-805-2731,kslavinp1@dedecms.com
903,Jordan,Panniers,jpanniersp2@globo.com,903,$8284.70,261-232-8711,jpanniersp2@etsy.com
904,Loleta,Copes,lcopesp3@webmd.com,904,$7979.30,802-741-6594,lcopesp3@wiley.com
905,Emelyne,Ruckhard,eruckhardp4@skyrock.com,905,$4928.32,258-207-6094,eruckhardp4@samsung.com
906,Afton,Blew,ablewp5@reuters.com,906,$4978.89,297-526-5968,ablewp5@bbc.co.uk
907,Lark,Beddie,lbeddiep6@blogspot.com,907,$5288.75,217-119-6304,lbeddiep6@shutterfly.com
908,Neala,Rosetti,nrosettip7@wix.com,908,$7044.69,993-511-9980,nrosettip7@theguardian.com
909,Nonnah,Bleakley,nbleakleyp8@google.de,909,$3689.38,770-613-9960,nbleakleyp8@163.com
910,Jeannette,Gheorghe,jgheorghep9@wisc.edu,910,$5534.25,880-470-1578,jgheorghep9@spiegel.de
911,Care,Punch,cpunchpa@house.gov,911,$7450.85,612-779-2258,cpunchpa@amazon.co.jp
912,Annadiane,Gronous,agronouspb@sun.com,912,$9857.06,733-429-7114,agronouspb@sfgate.com
913,Rosalinda,Slemmonds,rslemmondspc@ibm.com,913,$8922.70,842-482-7165,rslemmondspc@usgs.gov
914,Legra,Gauchier,lgauchierpd@nps.gov,914,$6451.58,205-532-2583,lgauchierpd@cbsnews.com
915,Rhys,Goodbody,rgoodbodype@google.de,915,$10809.20,843-463-3999,rgoodbodype@naver.com
916,Erda,Marages,emaragespf@linkedin.com,916,$7578.85,957-241-8016,emaragespf@miibeian.gov.cn
917,Franky,Lynde,flyndepg@mysql.com,917,$7454.45,812-286-9455,flyndepg@slashdot.org
918,Abbey,Fulun,afulunph@soup.io,918,$6339.06,848-394-0447,afulunph@sfgate.com
919,Nikolai,Priestland,npriestlandpi@histats.com,919,$10922.45,564-209-4535,npriestlandpi@ebay.com
920,Shepperd,Laidler,slaidlerpj@hugedomains.com,920,$3200.38,605-654-5664,slaidlerpj@google.pl
921,Jourdain,Dast,jdastpk@columbia.edu,921,$3367.86,229-814-1423,jdastpk@spiegel.de
922,Desiree,Huscroft,dhuscroftpl@seesaa.net,922,$10780.70,377-237-3299,dhuscroftpl@flavors.me
923,Tallie,Patington,tpatingtonpm@unesco.org,923,$6896.44,470-901-1868,tpatingtonpm@cocolog-nifty.com
924,Randa,Heiner,rheinerpn@cisco.com,924,$5425.49,759-146-4809,rheinerpn@nifty.com
925,Natty,MacQuaker,nmacquakerpo@guardian.co.uk,925,$9085.58,676-159-1410,nmacquakerpo@wired.com
926,Maribelle,Schultze,mschultzepp@chicagotribune.com,926,$7064.69,128-125-8941,mschultzepp@tumblr.com
927,Alleen,Phuprate,aphupratepq@nih.gov,927,$8193.61,704-967-0205,aphupratepq@tinyurl.com
928,Antonetta,Painswick,apainswickpr@list-manage.com,928,$5527.77,269-442-3499,apainswickpr@globo.com
929,Seamus,Paule,spauleps@plala.or.jp,929,$10885.90,941-315-8457,spauleps@quantcast.com
930,Benyamin,Nulty,bnultypt@dedecms.com,930,$3366.09,573-415-7847,bnultypt@booking.com
931,Gilli,Yakubovics,gyakubovicspu@latimes.com,931,$4288.03,531-805-8308,gyakubovicspu@ifeng.com
932,Rochella,Barnewall,rbarnewallpv@hibu.com,932,$8747.93,669-997-1592,rbarnewallpv@admin.ch
933,Ashbey,Olsson,aolssonpw@networkadvertising.org,933,$3820.68,233-426-2763,aolssonpw@gravatar.com
934,Gabe,Spuner,gspunerpx@t-online.de,934,$10008.84,938-427-8357,gspunerpx@barnesandnoble.com
935,Dolf,Dalton,ddaltonpy@oakley.com,935,$9564.02,827-209-7521,ddaltonpy@newsvine.com
936,Herrick,Pilipets,hpilipetspz@intel.com,936,$3789.39,263-433-5905,hpilipetspz@wix.com
937,Rhianna,Deppen,rdeppenq0@statcounter.com,937,$7272.96,937-796-9909,rdeppenq0@tiny.cc
938,Neal,Donaldson,ndonaldsonq1@prweb.com,938,$9960.84,571-144-1443,ndonaldsonq1@nyu.edu
939,Idelle,Paolicchi,ipaolicchiq2@so-net.ne.jp,939,$7466.22,152-708-3216,ipaolicchiq2@miitbeian.gov.cn
940,Thorny,Dombrell,tdombrellq3@marriott.com,940,$10816.27,723-713-7770,tdombrellq3@spiegel.de
941,Tyrus,Pettegre,tpettegreq4@statcounter.com,941,$5035.29,145-850-6247,tpettegreq4@nbcnews.com
942,Bo,Vickar,bvickarq5@123-reg.co.uk,942,$9931.50,264-724-4114,bvickarq5@github.com
943,Clemmy,Toe,ctoeq6@fotki.com,943,$7344.00,350-561-7833,ctoeq6@businesswire.com
944,Laurent,Wilce,lwilceq7@ucoz.ru,944,$5424.22,538-600-3648,lwilceq7@nyu.edu
945,Sawyere,Gaythwaite,sgaythwaiteq8@rambler.ru,945,$7075.52,119-464-3272,sgaythwaiteq8@csmonitor.com
946,Camey,Pays,cpaysq9@hp.com,946,$6465.97,720-312-8695,cpaysq9@elegantthemes.com
947,Gilbertina,Kippin,gkippinqa@free.fr,947,$6458.92,235-415-8793,gkippinqa@auda.org.au
948,Christos,Jeary,cjearyqb@blogger.com,948,$6991.25,843-994-1275,cjearyqb@free.fr
949,Tomasina,Rannigan,tranniganqc@imdb.com,949,$9900.26,856-915-9087,tranniganqc@nih.gov
950,Ddene,Rawdall,drawdallqd@instagram.com,950,$8447.39,690-410-6159,drawdallqd@yahoo.com
951,Helsa,Santostefano.,hsantostefanoqe@loc.gov,951,$7997.83,670-404-4532,hsantostefanoqe@arizona.edu
952,Daisie,MacIlwrick,dmacilwrickqf@exblog.jp,952,$4694.52,719-296-5049,dmacilwrickqf@virginia.edu
953,Nathalia,Dwelly,ndwellyqg@un.org,953,$6548.91,372-974-6548,ndwellyqg@telegraph.co.uk
954,Cybil,Itzhak,citzhakqh@jalbum.net,954,$4926.24,321-977-1321,citzhakqh@opera.com
955,Ivy,Joannic,ijoannicqi@jigsy.com,955,$3521.30,121-745-1739,ijoannicqi@cpanel.net
956,Natasha,Newtown,nnewtownqj@nhs.uk,956,$8040.89,675-304-1320,nnewtownqj@ftc.gov
957,Trude,Samarth,tsamarthqk@berkeley.edu,957,$3644.71,976-891-4225,tsamarthqk@mysql.com
958,Dudley,Bote,dboteql@addtoany.com,958,$6010.14,137-995-2171,dboteql@accuweather.com
959,Delora,Vertigan,dvertiganqm@myspace.com,959,$8445.39,470-432-8457,dvertiganqm@ameblo.jp
960,Zackariah,Fellgate,zfellgateqn@godaddy.com,960,$10109.01,635-735-5719,zfellgateqn@wikia.com
961,Jeremiah,O' Cuolahan,jocuolahanqo@behance.net,961,$10286.37,152-725-2388,jocuolahanqo@mediafire.com
962,Anton,Antwis,aantwisqp@simplemachines.org,962,$8716.86,926-621-1091,aantwisqp@gizmodo.com
963,Isidoro,Maguire,imaguireqq@t-online.de,963,$7203.48,115-443-7603,imaguireqq@t-online.de
964,Lindie,Ackland,lacklandqr@etsy.com,964,$7686.11,893-308-5105,lacklandqr@jalbum.net
965,Andi,Fiveash,afiveashqs@issuu.com,965,$5470.51,801-829-5788,afiveashqs@chronoengine.com
966,Davidson,Corsan,dcorsanqt@cbslocal.com,966,$9822.51,570-846-2853,dcorsanqt@blogtalkradio.com
967,Jody,Andrzejczak,jandrzejczakqu@cornell.edu,967,$8128.09,106-997-6836,jandrzejczakqu@tripod.com
968,Gerhardine,Foulcher,gfoulcherqv@oaic.gov.au,968,$4018.53,665-714-6078,gfoulcherqv@alexa.com
969,Natka,Redwall,nredwallqw@sciencedaily.com,969,$10504.42,481-713-8450,nredwallqw@timesonline.co.uk
970,Celine,Holdey,choldeyqx@cargocollective.com,970,$7756.65,781-233-0863,choldeyqx@tuttocitta.it
971,Noach,McGinn,nmcginnqy@sina.com.cn,971,$5723.40,805-372-6563,nmcginnqy@webeden.co.uk
972,Kaia,Stawell,kstawellqz@sogou.com,972,$7502.33,577-642-1879,kstawellqz@alibaba.com
973,Farris,Sappell,fsappellr0@cmu.edu,973,$6438.24,539-441-0038,fsappellr0@fotki.com
974,Say,Netherclift,snethercliftr1@eepurl.com,974,$6492.43,528-680-0787,snethercliftr1@nhs.uk
975,Andres,Haldane,ahaldaner2@hubpages.com,975,$8982.51,625-535-8666,ahaldaner2@hatena.ne.jp
976,Sarine,Sidlow,ssidlowr3@icq.com,976,$6431.15,666-127-3745,ssidlowr3@smh.com.au
977,Kelly,Apperley,kapperleyr4@multiply.com,977,$10082.94,490-906-3765,kapperleyr4@imdb.com
978,Sonnnie,Legon,slegonr5@github.com,978,$5889.09,728-942-5795,slegonr5@google.de
979,Jakob,Tatteshall,jtatteshallr6@etsy.com,979,$9817.73,486-308-4637,jtatteshallr6@seattletimes.com
980,Ives,Louche,iloucher7@indiegogo.com,980,$6529.20,799-263-8363,iloucher7@biglobe.ne.jp
981,Kevan,Leve,klever8@house.gov,981,$4022.10,979-403-4230,klever8@wiley.com
982,Darryl,Caton,dcatonr9@chronoengine.com,982,$7216.19,299-850-0414,dcatonr9@apple.com
983,Oren,Dwelling,odwellingra@twitpic.com,983,$3683.03,720-698-7884,odwellingra@abc.net.au
984,Sheree,Arnout,sarnoutrb@t.co,984,$6260.81,841-812-6054,sarnoutrb@soup.io
985,Worthington,Ledrun,wledrunrc@jugem.jp,985,$10437.78,393-912-1206,wledrunrc@blogger.com
986,Samara,Bradneck,sbradneckrd@surveymonkey.com,986,$5996.92,829-721-0809,sbradneckrd@eventbrite.com
987,Jermayne,Cullrford,jcullrfordre@accuweather.com,987,$8887.69,778-231-1042,jcullrfordre@clickbank.net
988,Nerti,Courtes,ncourtesrf@webnode.com,988,$9803.47,104-856-1035,ncourtesrf@51.la
989,Andee,Dorkins,adorkinsrg@furl.net,989,$4345.44,583-459-7513,adorkinsrg@usgs.gov
990,Jillian,Heintzsch,jheintzschrh@fotki.com,990,$3436.93,589-947-5568,jheintzschrh@phoca.cz
991,Pete,Robberecht,probberechtri@foxnews.com,991,$10465.26,824-672-0992,probberechtri@google.cn
992,Joya,Trusler,jtruslerrj@fastcompany.com,992,$10443.08,482-690-9046,jtruslerrj@msu.edu
993,Michele,Condliffe,mcondlifferk@icq.com,993,$9028.90,190-334-4512,mcondlifferk@studiopress.com
994,Jess,Korfmann,jkorfmannrl@loc.gov,994,$7867.21,602-918-7980,jkorfmannrl@amazonaws.com
995,Jobey,Tozer,jtozerrm@tamu.edu,995,$9731.90,897-451-3009,jtozerrm@ucoz.ru
996,De,Boon,dboonrn@merriam-webster.com,996,$10347.17,908-547-6209,dboonrn@washingtonpost.com
997,Reena,Beccera,rbecceraro@desdev.cn,997,$10082.99,456-581-7900,rbecceraro@alibaba.com
998,Kelcey,Keay,kkeayrp@reddit.com,998,$8096.12,346-324-2625,kkeayrp@nhs.uk
999,Averil,Enoksson,aenokssonrq@imageshack.us,999,$10813.24,925-919-4074,aenokssonrq@house.gov
1000,Chandler,Giovanardi,cgiovanardirr@addtoany.com,1000,$5231.19,108-149-8046,cgiovanardirr@techcrunch.com
